0.000000000000000000e+00 0.000000000000000000e+00 1.000000000000000000e+00
0.000000000000000000e+00 0.000000000000000000e+00 1.000000000000000000e+00
0.000000000000000000e+00 0.000000000000000000e+00 1.000000000000000000e+00
0.000000000000000000e+00 0.000000000000000000e+00 1.000000000000000000e+00
0.000000000000000000e+00 0.000000000000000000e+00 1.000000000000000000e+00
0.000000000000000000e+00 0.000000000000000000e+00 1.000000000000000000e+00
0.000000000000000000e+00 0.000000000000000000e+00 1.000000000000000000e+00
0.000000000000000000e+00 0.000000000000000000e+00 1.000000000000000000e+00
0.000000000000000000e+00 0.000000000000000000e+00 1.000000000000000000e+00
0.000000000000000000e+00 0.000000000000000000e+00 1.000000000000000000e+00
0.000000000000000000e+00 0.000000000000000000e+00 1.000000000000000000e+00
0.000000000000000000e+00 0.000000000000000000e+00 1.000000000000000000e+00
0.000000000000000000e+00 0.000000000000000000e+00 1.000000000000000000e+00
0.000000000000000000e+00 0.000000000000000000e+00 1.000000000000000000e+00
0.000000000000000000e+00 0.000000000000000000e+00 1.000000000000000000e+00
0.000000000000000000e+00 0.000000000000000000e+00 1.000000000000000000e+00
0.000000000000000000e+00 0.000000000000000000e+00 1.000000000000000000e+00
0.000000000000000000e+00 0.000000000000000000e+00 1.000000000000000000e+00
0.000000000000000000e+00 0.000000000000000000e+00 1.000000000000000000e+00
0.000000000000000000e+00 0.000000000000000000e+00 1.000000000000000000e+00
0.000000000000000000e+00 1.000000000000000000e+00 1.000000000000000000e+00
0.000000000000000000e+00 0.000000000000000000e+00 1.000000000000000000e+00
0.000000000000000000e+00 2.000000000000000000e+00 1.000000000000000000e+00
0.000000000000000000e+00 2.000000000000000000e+00 1.000000000000000000e+00
0.000000000000000000e+00 6.000000000000000000e+00 1.000000000000000000e+00
0.000000000000000000e+00 8.000000000000000000e+00 1.000000000000000000e+00
0.000000000000000000e+00 3.000000000000000000e+00 1.000000000000000000e+00
0.000000000000000000e+00 4.000000000000000000e+00 1.000000000000000000e+00
0.000000000000000000e+00 2.000000000000000000e+00 1.000000000000000000e+00
0.000000000000000000e+00 4.000000000000000000e+00 1.000000000000000000e+00
0.000000000000000000e+00 0.000000000000000000e+00 1.000000000000000000e+00
0.000000000000000000e+00 1.000000000000000000e+00 1.000000000000000000e+00
0.000000000000000000e+00 2.000000000000000000e+00 1.000000000000000000e+00
0.000000000000000000e+00 6.000000000000000000e+00 1.000000000000000000e+00
0.000000000000000000e+00 4.000000000000000000e+00 1.000000000000000000e+00
0.000000000000000000e+00 2.000000000000000000e+00 1.000000000000000000e+00
0.000000000000000000e+00 3.000000000000000000e+00 1.000000000000000000e+00
0.000000000000000000e+00 4.000000000000000000e+00 1.000000000000000000e+00
0.000000000000000000e+00 4.000000000000000000e+00 1.000000000000000000e+00
0.000000000000000000e+00 1.000000000000000000e+01 1.000000000000000000e+00
0.000000000000000000e+00 1.000000000000000000e+01 1.000000000000000000e+00
0.000000000000000000e+00 1.000000000000000000e+01 1.000000000000000000e+00
0.000000000000000000e+00 9.000000000000000000e+00 1.000000000000000000e+00
0.000000000000000000e+00 1.100000000000000000e+01 1.000000000000000000e+00
0.000000000000000000e+00 8.000000000000000000e+00 1.000000000000000000e+00
0.000000000000000000e+00 1.900000000000000000e+01 1.000000000000000000e+00
0.000000000000000000e+00 6.000000000000000000e+00 1.000000000000000000e+00
0.000000000000000000e+00 9.000000000000000000e+00 1.000000000000000000e+00
0.000000000000000000e+00 1.200000000000000000e+01 1.000000000000000000e+00
0.000000000000000000e+00 6.000000000000000000e+00 1.000000000000000000e+00
0.000000000000000000e+00 1.000000000000000000e+01 1.000000000000000000e+00
0.000000000000000000e+00 4.000000000000000000e+00 1.000000000000000000e+00
0.000000000000000000e+00 9.000000000000000000e+00 1.000000000000000000e+00
0.000000000000000000e+00 1.500000000000000000e+01 1.000000000000000000e+00
0.000000000000000000e+00 1.400000000000000000e+01 1.000000000000000000e+00
0.000000000000000000e+00 9.000000000000000000e+00 1.000000000000000000e+00
0.000000000000000000e+00 6.000000000000000000e+00 1.000000000000000000e+00
0.000000000000000000e+00 1.800000000000000000e+01 1.000000000000000000e+00
0.000000000000000000e+00 1.300000000000000000e+01 1.000000000000000000e+00
0.000000000000000000e+00 1.600000000000000000e+01 1.000000000000000000e+00
0.000000000000000000e+00 1.700000000000000000e+01 1.000000000000000000e+00
0.000000000000000000e+00 1.100000000000000000e+01 1.000000000000000000e+00
0.000000000000000000e+00 1.100000000000000000e+01 1.000000000000000000e+00
0.000000000000000000e+00 9.000000000000000000e+00 1.000000000000000000e+00
0.000000000000000000e+00 1.000000000000000000e+01 1.000000000000000000e+00
0.000000000000000000e+00 1.900000000000000000e+01 1.000000000000000000e+00
0.000000000000000000e+00 1.400000000000000000e+01 1.000000000000000000e+00
0.000000000000000000e+00 2.400000000000000000e+01 1.000000000000000000e+00
0.000000000000000000e+00 1.500000000000000000e+01 1.000000000000000000e+00
0.000000000000000000e+00 1.300000000000000000e+01 1.000000000000000000e+00
0.000000000000000000e+00 1.500000000000000000e+01 1.000000000000000000e+00
0.000000000000000000e+00 1.400000000000000000e+01 1.000000000000000000e+00
0.000000000000000000e+00 1.900000000000000000e+01 1.000000000000000000e+00
0.000000000000000000e+00 1.800000000000000000e+01 1.000000000000000000e+00
0.000000000000000000e+00 1.200000000000000000e+01 1.000000000000000000e+00
1.000000000000000000e+00 1.400000000000000000e+01 1.078666702572273817e+00
0.000000000000000000e+00 1.600000000000000000e+01 1.000000000000000000e+00
0.000000000000000000e+00 2.000000000000000000e+01 1.000000000000000000e+00
0.000000000000000000e+00 1.400000000000000000e+01 1.000000000000000000e+00
0.000000000000000000e+00 1.800000000000000000e+01 1.000000000000000000e+00
0.000000000000000000e+00 1.700000000000000000e+01 1.000000000000000000e+00
0.000000000000000000e+00 2.400000000000000000e+01 1.000000000000000000e+00
0.000000000000000000e+00 3.000000000000000000e+01 1.000000000000000000e+00
0.000000000000000000e+00 2.500000000000000000e+01 1.000000000000000000e+00
0.000000000000000000e+00 1.800000000000000000e+01 1.000000000000000000e+00
0.000000000000000000e+00 2.200000000000000000e+01 1.000000000000000000e+00
0.000000000000000000e+00 1.700000000000000000e+01 1.000000000000000000e+00
0.000000000000000000e+00 2.000000000000000000e+01 1.000000000000000000e+00
0.000000000000000000e+00 1.700000000000000000e+01 1.000000000000000000e+00
0.000000000000000000e+00 2.300000000000000000e+01 1.000000000000000000e+00
0.000000000000000000e+00 1.800000000000000000e+01 1.000000000000000000e+00
0.000000000000000000e+00 2.400000000000000000e+01 1.000000000000000000e+00
0.000000000000000000e+00 2.000000000000000000e+01 1.000000000000000000e+00
0.000000000000000000e+00 1.100000000000000000e+01 1.000000000000000000e+00
0.000000000000000000e+00 2.000000000000000000e+01 1.000000000000000000e+00
0.000000000000000000e+00 2.100000000000000000e+01 1.000000000000000000e+00
0.000000000000000000e+00 1.800000000000000000e+01 1.000000000000000000e+00
0.000000000000000000e+00 2.500000000000000000e+01 1.000000000000000000e+00
0.000000000000000000e+00 1.800000000000000000e+01 1.000000000000000000e+00
0.000000000000000000e+00 1.800000000000000000e+01 1.000000000000000000e+00
0.000000000000000000e+00 2.000000000000000000e+01 1.000000000000000000e+00
0.000000000000000000e+00 2.400000000000000000e+01 1.000000000000000000e+00
0.000000000000000000e+00 1.600000000000000000e+01 1.000000000000000000e+00
0.000000000000000000e+00 1.700000000000000000e+01 1.000000000000000000e+00
0.000000000000000000e+00 2.000000000000000000e+01 1.000000000000000000e+00
0.000000000000000000e+00 2.200000000000000000e+01 1.000000000000000000e+00
1.000000000000000000e+00 2.600000000000000000e+01 5.808205321543014055e-01
0.000000000000000000e+00 2.600000000000000000e+01 1.000000000000000000e+00
0.000000000000000000e+00 2.100000000000000000e+01 1.000000000000000000e+00
1.000000000000000000e+00 2.300000000000000000e+01 6.565797320005145599e-01
0.000000000000000000e+00 2.600000000000000000e+01 1.000000000000000000e+00
0.000000000000000000e+00 3.000000000000000000e+01 1.000000000000000000e+00
2.000000000000000000e+00 3.100000000000000000e+01 9.742796023233440961e-01
0.000000000000000000e+00 2.200000000000000000e+01 1.000000000000000000e+00
0.000000000000000000e+00 2.100000000000000000e+01 1.000000000000000000e+00
0.000000000000000000e+00 1.700000000000000000e+01 1.000000000000000000e+00
0.000000000000000000e+00 2.600000000000000000e+01 1.000000000000000000e+00
0.000000000000000000e+00 2.700000000000000000e+01 1.000000000000000000e+00
0.000000000000000000e+00 2.400000000000000000e+01 1.000000000000000000e+00
0.000000000000000000e+00 3.200000000000000000e+01 1.000000000000000000e+00
0.000000000000000000e+00 3.600000000000000000e+01 1.000000000000000000e+00
0.000000000000000000e+00 2.500000000000000000e+01 1.000000000000000000e+00
0.000000000000000000e+00 3.100000000000000000e+01 1.000000000000000000e+00
0.000000000000000000e+00 2.400000000000000000e+01 1.000000000000000000e+00
0.000000000000000000e+00 2.400000000000000000e+01 1.000000000000000000e+00
0.000000000000000000e+00 3.500000000000000000e+01 1.000000000000000000e+00
0.000000000000000000e+00 3.200000000000000000e+01 1.000000000000000000e+00
0.000000000000000000e+00 3.300000000000000000e+01 1.000000000000000000e+00
0.000000000000000000e+00 3.000000000000000000e+01 1.000000000000000000e+00
0.000000000000000000e+00 3.300000000000000000e+01 1.000000000000000000e+00
0.000000000000000000e+00 3.100000000000000000e+01 1.000000000000000000e+00
0.000000000000000000e+00 3.200000000000000000e+01 1.000000000000000000e+00
0.000000000000000000e+00 3.600000000000000000e+01 1.000000000000000000e+00
0.000000000000000000e+00 2.400000000000000000e+01 1.000000000000000000e+00
0.000000000000000000e+00 3.700000000000000000e+01 1.000000000000000000e+00
0.000000000000000000e+00 2.900000000000000000e+01 1.000000000000000000e+00
0.000000000000000000e+00 3.100000000000000000e+01 1.000000000000000000e+00
2.000000000000000000e+00 4.000000000000000000e+01 7.550666918005917161e-01
1.000000000000000000e+00 4.200000000000000000e+01 3.595555675240912907e-01
0.000000000000000000e+00 3.600000000000000000e+01 1.000000000000000000e+00
2.000000000000000000e+00 3.100000000000000000e+01 9.742796023233440961e-01
0.000000000000000000e+00 3.700000000000000000e+01 1.000000000000000000e+00
0.000000000000000000e+00 4.000000000000000000e+01 1.000000000000000000e+00
1.000000000000000000e+00 3.400000000000000000e+01 4.441568775297598526e-01
0.000000000000000000e+00 3.000000000000000000e+01 1.000000000000000000e+00
0.000000000000000000e+00 3.400000000000000000e+01 1.000000000000000000e+00
0.000000000000000000e+00 3.500000000000000000e+01 1.000000000000000000e+00
0.000000000000000000e+00 3.000000000000000000e+01 1.000000000000000000e+00
0.000000000000000000e+00 3.400000000000000000e+01 1.000000000000000000e+00
0.000000000000000000e+00 4.500000000000000000e+01 1.000000000000000000e+00
0.000000000000000000e+00 3.000000000000000000e+01 1.000000000000000000e+00
0.000000000000000000e+00 4.300000000000000000e+01 1.000000000000000000e+00
1.000000000000000000e+00 2.600000000000000000e+01 5.808205321543014055e-01
0.000000000000000000e+00 4.100000000000000000e+01 1.000000000000000000e+00
1.000000000000000000e+00 3.400000000000000000e+01 4.441568775297598526e-01
2.000000000000000000e+00 3.800000000000000000e+01 7.948070440006228532e-01
0.000000000000000000e+00 5.400000000000000000e+01 1.000000000000000000e+00
0.000000000000000000e+00 4.200000000000000000e+01 1.000000000000000000e+00
1.000000000000000000e+00 4.400000000000000000e+01 3.432121326366325831e-01
0.000000000000000000e+00 4.200000000000000000e+01 1.000000000000000000e+00
0.000000000000000000e+00 6.200000000000000000e+01 1.000000000000000000e+00
0.000000000000000000e+00 4.800000000000000000e+01 1.000000000000000000e+00
3.000000000000000000e+00 3.800000000000000000e+01 1.192210566000934113e+00
0.000000000000000000e+00 4.600000000000000000e+01 1.000000000000000000e+00
2.000000000000000000e+00 4.900000000000000000e+01 6.163809728984421810e-01
0.000000000000000000e+00 3.500000000000000000e+01 1.000000000000000000e+00
0.000000000000000000e+00 3.700000000000000000e+01 1.000000000000000000e+00
0.000000000000000000e+00 4.700000000000000000e+01 1.000000000000000000e+00
0.000000000000000000e+00 4.500000000000000000e+01 1.000000000000000000e+00
0.000000000000000000e+00 3.500000000000000000e+01 1.000000000000000000e+00
0.000000000000000000e+00 4.000000000000000000e+01 1.000000000000000000e+00
0.000000000000000000e+00 3.700000000000000000e+01 1.000000000000000000e+00
0.000000000000000000e+00 4.900000000000000000e+01 1.000000000000000000e+00
0.000000000000000000e+00 4.600000000000000000e+01 1.000000000000000000e+00
2.000000000000000000e+00 6.400000000000000000e+01 4.719166823753698226e-01
1.000000000000000000e+00 6.600000000000000000e+01 2.288080884244217406e-01
2.000000000000000000e+00 4.400000000000000000e+01 6.864242652732651662e-01
0.000000000000000000e+00 4.900000000000000000e+01 1.000000000000000000e+00
1.000000000000000000e+00 5.300000000000000000e+01 2.849308270945629107e-01
0.000000000000000000e+00 4.700000000000000000e+01 1.000000000000000000e+00
2.000000000000000000e+00 6.000000000000000000e+01 5.033777945337277737e-01
1.000000000000000000e+00 5.400000000000000000e+01 2.796543302965154298e-01
2.000000000000000000e+00 4.900000000000000000e+01 6.163809728984421810e-01
0.000000000000000000e+00 4.500000000000000000e+01 1.000000000000000000e+00
1.000000000000000000e+00 5.100000000000000000e+01 2.961045850198398832e-01
0.000000000000000000e+00 6.200000000000000000e+01 1.000000000000000000e+00
3.000000000000000000e+00 5.700000000000000000e+01 7.948070440006228532e-01
1.000000000000000000e+00 4.500000000000000000e+01 3.355851963558185713e-01
1.700000000000000000e+01 6.100000000000000000e+01 4.208568446101658367e+00
0.000000000000000000e+00 4.200000000000000000e+01 1.000000000000000000e+00
0.000000000000000000e+00 5.100000000000000000e+01 1.000000000000000000e+00
1.000000000000000000e+00 5.300000000000000000e+01 2.849308270945629107e-01
1.000000000000000000e+00 5.300000000000000000e+01 2.849308270945629107e-01
1.000000000000000000e+00 6.400000000000000000e+01 2.359583411876849113e-01
0.000000000000000000e+00 5.100000000000000000e+01 1.000000000000000000e+00
0.000000000000000000e+00 4.800000000000000000e+01 1.000000000000000000e+00
1.000000000000000000e+00 4.700000000000000000e+01 3.213049752342943544e-01
0.000000000000000000e+00 5.700000000000000000e+01 1.000000000000000000e+00
6.000000000000000000e+00 6.400000000000000000e+01 1.415750047126109523e+00
5.000000000000000000e+00 6.600000000000000000e+01 1.144040442122108647e+00
0.000000000000000000e+00 4.900000000000000000e+01 1.000000000000000000e+00
1.000000000000000000e+00 5.800000000000000000e+01 2.603678247588247507e-01
0.000000000000000000e+00 4.700000000000000000e+01 1.000000000000000000e+00
2.000000000000000000e+00 5.100000000000000000e+01 5.922091700396797664e-01
0.000000000000000000e+00 6.100000000000000000e+01 1.000000000000000000e+00
0.000000000000000000e+00 5.600000000000000000e+01 1.000000000000000000e+00
2.000000000000000000e+00 5.900000000000000000e+01 5.119096215597231936e-01
0.000000000000000000e+00 6.200000000000000000e+01 1.000000000000000000e+00
3.000000000000000000e+00 5.900000000000000000e+01 7.678644323395847904e-01
4.000000000000000000e+00 7.300000000000000000e+01 8.274703471787305809e-01
0.000000000000000000e+00 5.300000000000000000e+01 1.000000000000000000e+00
1.000000000000000000e+00 6.400000000000000000e+01 2.359583411876849113e-01
0.000000000000000000e+00 4.900000000000000000e+01 1.000000000000000000e+00
2.000000000000000000e+00 6.100000000000000000e+01 4.951256995413716444e-01
0.000000000000000000e+00 5.900000000000000000e+01 1.000000000000000000e+00
0.000000000000000000e+00 8.200000000000000000e+01 1.000000000000000000e+00
4.000000000000000000e+00 6.400000000000000000e+01 9.438333647507396451e-01
5.000000000000000000e+00 6.600000000000000000e+01 1.144040442122108647e+00
4.000000000000000000e+00 7.400000000000000000e+01 8.162883154600991675e-01
6.000000000000000000e+00 6.700000000000000000e+01 1.352358253971208901e+00
0.000000000000000000e+00 5.700000000000000000e+01 1.000000000000000000e+00
0.000000000000000000e+00 7.200000000000000000e+01 1.000000000000000000e+00
0.000000000000000000e+00 7.700000000000000000e+01 1.000000000000000000e+00
0.000000000000000000e+00 7.200000000000000000e+01 1.000000000000000000e+00
0.000000000000000000e+00 7.500000000000000000e+01 1.000000000000000000e+00
0.000000000000000000e+00 8.100000000000000000e+01 1.000000000000000000e+00
3.000000000000000000e+00 6.600000000000000000e+01 6.864242652732651662e-01
1.000000000000000000e+00 7.000000000000000000e+01 2.157333405144547800e-01
1.000000000000000000e+00 7.200000000000000000e+01 2.097407477223865724e-01
2.000000000000000000e+00 5.800000000000000000e+01 5.207356495176495015e-01
4.000000000000000000e+00 7.700000000000000000e+01 7.844848745980174121e-01
4.000000000000000000e+00 9.400000000000000000e+01 6.426099504685887087e-01
0.000000000000000000e+00 8.900000000000000000e+01 1.000000000000000000e+00
0.000000000000000000e+00 7.200000000000000000e+01 1.000000000000000000e+00
0.000000000000000000e+00 7.200000000000000000e+01 1.000000000000000000e+00
0.000000000000000000e+00 8.400000000000000000e+01 1.000000000000000000e+00
2.000000000000000000e+00 7.900000000000000000e+01 3.823122490129578499e-01
3.000000000000000000e+00 8.400000000000000000e+01 5.393333512861369083e-01
3.000000000000000000e+00 8.200000000000000000e+01 5.524878232687255863e-01
6.000000000000000000e+00 6.900000000000000000e+01 1.313159464001029120e+00
6.000000000000000000e+00 8.700000000000000000e+01 1.041471299035299003e+00
3.000000000000000000e+00 8.700000000000000000e+01 5.207356495176495015e-01
0.000000000000000000e+00 9.000000000000000000e+01 1.000000000000000000e+00
0.000000000000000000e+00 9.300000000000000000e+01 1.000000000000000000e+00
7.000000000000000000e+00 7.100000000000000000e+01 1.488863899325110429e+00
9.000000000000000000e+00 1.030000000000000000e+02 1.319534024505888414e+00
1.000000000000000000e+00 9.300000000000000000e+01 1.623799337205573678e-01
1.000000000000000000e+00 7.900000000000000000e+01 1.911561245064789250e-01
2.000000000000000000e+00 8.600000000000000000e+01 3.511938101398101031e-01
0.000000000000000000e+00 9.800000000000000000e+01 1.000000000000000000e+00
1.000000000000000000e+00 8.500000000000000000e+01 1.776627510119039299e-01
2.000000000000000000e+00 1.060000000000000000e+02 2.849308270945629107e-01
0.000000000000000000e+00 1.090000000000000000e+02 1.000000000000000000e+00
0.000000000000000000e+00 8.600000000000000000e+01 1.000000000000000000e+00
1.100000000000000000e+01 1.300000000000000000e+02 1.277805170739462870e+00
5.000000000000000000e+00 1.010000000000000000e+02 7.475907839609818861e-01
1.300000000000000000e+01 1.170000000000000000e+02 1.677925981779092579e+00
6.000000000000000000e+00 1.150000000000000000e+02 7.878956784006173608e-01
0.000000000000000000e+00 1.020000000000000000e+02 1.000000000000000000e+00
3.000000000000000000e+00 1.090000000000000000e+02 4.156330413581239003e-01
8.000000000000000000e+00 8.700000000000000000e+01 1.388628398713731782e+00
2.000000000000000000e+00 1.180000000000000000e+02 2.559548107798615968e-01
6.000000000000000000e+00 1.080000000000000000e+02 8.389629908895462895e-01
2.000000000000000000e+00 1.210000000000000000e+02 2.496088237357328155e-01
6.000000000000000000e+00 1.090000000000000000e+02 8.312660827162478006e-01
5.000000000000000000e+00 1.280000000000000000e+02 5.898958529692123198e-01
4.000000000000000000e+00 1.100000000000000000e+02 5.491394122186121773e-01
1.300000000000000000e+01 1.160000000000000000e+02 1.692390860932360797e+00
2.000000000000000000e+00 1.300000000000000000e+02 2.323282128617205344e-01
3.000000000000000000e+00 1.320000000000000000e+02 3.432121326366325831e-01
1.000000000000000000e+00 1.300000000000000000e+02 1.161641064308602672e-01
5.000000000000000000e+00 1.380000000000000000e+02 5.471497766670954110e-01
4.000000000000000000e+00 1.270000000000000000e+02 4.756325617641522507e-01
5.000000000000000000e+00 1.300000000000000000e+02 5.808205321543014055e-01
3.000000000000000000e+00 1.410000000000000000e+02 3.213049752342943544e-01
2.000000000000000000e+00 1.210000000000000000e+02 2.496088237357328155e-01
3.000000000000000000e+00 1.410000000000000000e+02 3.213049752342943544e-01
1.000000000000000000e+00 1.440000000000000000e+02 1.048703738611932862e-01
8.000000000000000000e+00 1.320000000000000000e+02 9.152323536976869622e-01
4.000000000000000000e+00 1.460000000000000000e+02 4.137351735893652904e-01
1.000000000000000000e+00 1.460000000000000000e+02 1.034337933973413226e-01
1.200000000000000000e+01 1.440000000000000000e+02 1.258444486334319379e+00
3.000000000000000000e+00 1.630000000000000000e+02 2.779386595585000563e-01
9.000000000000000000e+00 1.560000000000000000e+02 8.712307982314519972e-01
4.000000000000000000e+00 1.540000000000000000e+02 3.922424372990087060e-01
1.300000000000000000e+01 1.440000000000000000e+02 1.363314860195512734e+00
1.500000000000000000e+01 1.590000000000000000e+02 1.424654135472814609e+00
5.000000000000000000e+00 1.710000000000000000e+02 4.415594688892349184e-01
5.300000000000000000e+01 1.730000000000000000e+02 4.626420192535417364e+00
5.000000000000000000e+00 1.780000000000000000e+02 4.241947706744897406e-01
7.000000000000000000e+00 1.690000000000000000e+02 6.254990346277091717e-01
3.000000000000000000e+00 1.720000000000000000e+02 2.633953576048575496e-01
2.000000000000000000e+00 1.650000000000000000e+02 1.830464707395373924e-01
1.400000000000000000e+01 1.850000000000000000e+02 1.142803641644138946e+00
2.900000000000000000e+01 1.860000000000000000e+02 2.354509038948081834e+00
5.000000000000000000e+00 1.660000000000000000e+02 4.548594528919226998e-01
2.600000000000000000e+01 2.020000000000000000e+02 1.943736038298552904e+00
1.500000000000000000e+01 1.850000000000000000e+02 1.224432473190148807e+00
8.000000000000000000e+00 2.100000000000000000e+02 5.752889080385461540e-01
0.000000000000000000e+00 1.890000000000000000e+02 1.000000000000000000e+00
8.000000000000000000e+00 2.060000000000000000e+02 5.864595664470614311e-01
1.400000000000000000e+01 2.080000000000000000e+02 1.016435931270027293e+00
1.200000000000000000e+01 2.370000000000000000e+02 7.646244980259156998e-01
1.400000000000000000e+01 2.060000000000000000e+02 1.026304241282357532e+00
8.000000000000000000e+00 1.790000000000000000e+02 6.749199479781825550e-01
7.000000000000000000e+00 1.960000000000000000e+02 5.393333512861369083e-01
5.000000000000000000e+00 2.160000000000000000e+02 3.495679128706443151e-01
1.200000000000000000e+01 2.170000000000000000e+02 8.350968019914378759e-01
6.000000000000000000e+00 2.000000000000000000e+02 4.530400150803550186e-01
9.200000000000000000e+01 2.150000000000000000e+02 6.461966106572505808e+00
9.000000000000000000e+00 2.500000000000000000e+02 5.436480180964260445e-01
2.700000000000000000e+01 2.600000000000000000e+02 1.568215436816613684e+00
2.500000000000000000e+01 2.540000000000000000e+02 1.486351755512975936e+00
1.700000000000000000e+01 2.740000000000000000e+02 9.369440701175225650e-01
8.000000000000000000e+00 2.780000000000000000e+02 4.345707578708441488e-01
1.000000000000000000e+01 2.740000000000000000e+02 5.511435706573661886e-01
8.000000000000000000e+00 2.710000000000000000e+02 4.457958327973973178e-01
1.800000000000000000e+01 3.060000000000000000e+02 8.883137550595197052e-01
9.000000000000000000e+00 3.030000000000000000e+02 4.485544703765891317e-01
2.400000000000000000e+01 3.170000000000000000e+02 1.143318650045060059e+00
7.000000000000000000e+00 3.130000000000000000e+02 3.377295107095298343e-01
9.000000000000000000e+00 3.210000000000000000e+02 4.234018832526682541e-01
1.100000000000000000e+01 3.620000000000000000e+02 4.588803099340612590e-01
1.400000000000000000e+01 3.670000000000000000e+02 5.760726803928220008e-01
1.400000000000000000e+01 3.940000000000000000e+02 5.365956185384915811e-01
2.100000000000000000e+01 4.200000000000000000e+02 7.550666918005917161e-01
8.000000000000000000e+00 4.010000000000000000e+02 3.012734929877672330e-01
1.010000000000000000e+02 3.990000000000000000e+02 3.822643402098233611e+00
3.660000000000000000e+02 4.740000000000000000e+02 1.166052359489521351e+01
3.360000000000000000e+02 4.730000000000000000e+02 1.072737456427056379e+01
2.010000000000000000e+02 4.820000000000000000e+02 6.297444193025682146e+00
1.250000000000000000e+02 5.030000000000000000e+02 3.752816559645088201e+00
1.500000000000000000e+01 5.260000000000000000e+02 4.306464021676378873e-01
6.200000000000000000e+01 5.720000000000000000e+02 1.636857863343939901e+00
7.800000000000000000e+01 5.600000000000000000e+02 2.103400070015934098e+00
2.000000000000000000e+01 6.000000000000000000e+02 5.033777945337277737e-01
1.500000000000000000e+01 6.600000000000000000e+02 3.432121326366325831e-01
1.200000000000000000e+01 6.650000000000000000e+02 2.725052722287850115e-01
1.900000000000000000e+01 7.240000000000000000e+02 3.963057222157801429e-01
1.100000000000000000e+01 7.770000000000000000e+02 2.137897969062164671e-01
3.200000000000000000e+01 8.140000000000000000e+02 5.936642294255266572e-01
2.800000000000000000e+01 8.540000000000000000e+02 4.951256995413716444e-01
1.200000000000000000e+01 9.170000000000000000e+02 1.976183271888135307e-01
3.600000000000000000e+01 1.021000000000000000e+03 5.324662273226503650e-01
2.900000000000000000e+01 1.042000000000000000e+03 4.202866422690433312e-01
3.200000000000000000e+01 1.086000000000000000e+03 4.449748459966654801e-01
4.200000000000000000e+01 1.216000000000000000e+03 5.215921226254087717e-01
6.200000000000000000e+01 1.294000000000000000e+03 7.235569535028854027e-01
4.100000000000000000e+01 1.327000000000000000e+03 4.665822812935080943e-01
4.700000000000000000e+01 1.357000000000000000e+03 5.230380915936302388e-01
5.000000000000000000e+01 1.495000000000000000e+03 5.050613323080880290e-01
3.700000000000000000e+01 1.525000000000000000e+03 3.663930176606149947e-01
6.800000000000000000e+01 1.713000000000000000e+03 5.994691773781697375e-01
4.100000000000000000e+01 1.748000000000000000e+03 3.542074870002775988e-01
6.900000000000000000e+01 1.973000000000000000e+03 5.281257144879961674e-01
6.300000000000000000e+01 2.040000000000000000e+03 4.663647214062478508e-01
7.400000000000000000e+01 2.266000000000000000e+03 4.931591808759381301e-01
7.700000000000000000e+01 2.344000000000000000e+03 4.960762394935628872e-01
6.700000000000000000e+01 2.487000000000000000e+03 4.068312694060285395e-01
8.300000000000000000e+01 2.800000000000000000e+03 4.476466815674937094e-01
9.400000000000000000e+01 2.898000000000000000e+03 4.898293238733997246e-01
1.030000000000000000e+02 3.065000000000000000e+03 5.074836493015395522e-01
1.150000000000000000e+02 3.147000000000000000e+03 5.518441026823517337e-01
1.090000000000000000e+02 3.511000000000000000e+03 4.688252315936456416e-01
1.010000000000000000e+02 3.630000000000000000e+03 4.201748532884835297e-01
1.650000000000000000e+02 3.953000000000000000e+03 6.303364743086143918e-01
1.160000000000000000e+02 4.220000000000000000e+03 4.151077547339745988e-01
1.310000000000000000e+02 4.479000000000000000e+03 4.416777701535053446e-01
1.630000000000000000e+02 4.729000000000000000e+03 5.205154187502493146e-01
1.560000000000000000e+02 5.000000000000000000e+03 4.711616156835692348e-01
1.840000000000000000e+02 5.365000000000000000e+03 5.179208622229594106e-01
1.730000000000000000e+02 5.689000000000000000e+03 4.592249522991821986e-01
1.590000000000000000e+02 5.955000000000000000e+03 4.032094172839431612e-01
1.870000000000000000e+02 6.293000000000000000e+03 4.487445458976979107e-01
2.430000000000000000e+02 6.619000000000000000e+03 5.544076328978509993e-01
2.300000000000000000e+02 7.202000000000000000e+03 4.822697559403945622e-01
2.390000000000000000e+02 7.506000000000000000e+03 4.808444959774618166e-01
2.950000000000000000e+02 7.781000000000000000e+03 5.725348260665070743e-01
3.160000000000000000e+02 8.223000000000000000e+03 5.803260965802918836e-01
3.430000000000000000e+02 8.796000000000000000e+03 5.888764785984604844e-01
3.290000000000000000e+02 9.370000000000000000e+03 5.302389361844069837e-01
3.290000000000000000e+02 9.683000000000000000e+03 5.130991254825874037e-01
4.200000000000000000e+02 1.030300000000000000e+04 6.156032428540202384e-01
3.390000000000000000e+02 1.069700000000000000e+04 4.785783089097889187e-01
4.330000000000000000e+02 1.125500000000000000e+04 5.809753488221345297e-01
4.500000000000000000e+02 1.201200000000000000e+04 5.657342845658779318e-01
4.490000000000000000e+02 1.237000000000000000e+04 5.481405733524100654e-01
4.810000000000000000e+02 1.291200000000000000e+04 5.625574330174791804e-01
4.370000000000000000e+02 1.362500000000000000e+04 4.843510375293336723e-01
5.440000000000000000e+02 1.452200000000000000e+04 5.657020800709570141e-01
6.230000000000000000e+02 1.497500000000000000e+04 6.282558250307428427e-01
5.490000000000000000e+02 1.582300000000000000e+04 5.239608339739934006e-01
6.120000000000000000e+02 1.661400000000000000e+04 5.562788195280632397e-01
7.080000000000000000e+02 1.749900000000000000e+04 6.109917341503160459e-01
5.790000000000000000e+02 1.812000000000000000e+04 4.825426209189211946e-01
6.960000000000000000e+02 1.901100000000000000e+04 5.528656225271808555e-01
7.120000000000000000e+02 1.987600000000000000e+04 5.409614455242717224e-01
7.400000000000000000e+02 2.065200000000000000e+04 5.411091922646115160e-01
8.190000000000000000e+02 2.162800000000000000e+04 5.718509530096953508e-01
8.730000000000000000e+02 2.235700000000000000e+04 5.896794936189260206e-01
8.920000000000000000e+02 2.347100000000000000e+04 5.739163129701571053e-01
9.100000000000000000e+02 2.441000000000000000e+04 5.629747558693473097e-01
9.150000000000000000e+02 2.508400000000000000e+04 5.508579357339670191e-01
9.900000000000000000e+02 2.637000000000000000e+04 5.669442737069290139e-01
9.820000000000000000e+02 2.724300000000000000e+04 5.443420264641787298e-01
1.040000000000000000e+03 2.857500000000000000e+04 5.496198491496869787e-01
1.164000000000000000e+03 2.968500000000000000e+04 5.921493207046580887e-01
1.153000000000000000e+03 3.062900000000000000e+04 5.684755595325229338e-01
1.156000000000000000e+03 3.184200000000000000e+04 5.482426328255033399e-01
1.199000000000000000e+03 3.313000000000000000e+04 5.465288037844308056e-01
1.248000000000000000e+03 3.408600000000000000e+04 5.529092480004332844e-01
1.307000000000000000e+03 3.570600000000000000e+04 5.527766572471705109e-01
1.331000000000000000e+03 3.686700000000000000e+04 5.451996456378808142e-01
1.445000000000000000e+03 3.806400000000000000e+04 5.732825607670528623e-01
1.541000000000000000e+03 3.948600000000000000e+04 5.893520600033995693e-01
1.640000000000000000e+03 4.094100000000000000e+04 6.049238536200729488e-01
1.541000000000000000e+03 4.263400000000000000e+04 5.458356110450399701e-01
1.668000000000000000e+03 4.319100000000000000e+04 5.832007788304910401e-01
1.690000000000000000e+03 4.541100000000000000e+04 5.620059937649467541e-01
1.860000000000000000e+03 4.667400000000000000e+04 6.018014512358489387e-01
1.850000000000000000e+03 4.816900000000000000e+04 5.799885319733001365e-01
2.007000000000000000e+03 4.976400000000000000e+04 6.090422194533346989e-01
2.021000000000000000e+03 5.111700000000000000e+04 5.970576458434555533e-01
1.916000000000000000e+03 5.276800000000000000e+04 5.483276915895747283e-01
2.219000000000000000e+03 5.446400000000000000e+04 6.152662269041984100e-01
2.188000000000000000e+03 5.581000000000000000e+04 5.920393913849469891e-01
2.170000000000000000e+03 5.740400000000000000e+04 5.708643025598508780e-01
2.330000000000000000e+03 5.914000000000000000e+04 5.949629326666819873e-01
2.444000000000000000e+03 6.058300000000000000e+04 6.092081919880647511e-01
2.373000000000000000e+03 6.219500000000000000e+04 5.761791975698381529e-01
2.526000000000000000e+03 6.361100000000000000e+04 5.996756735433477203e-01
2.601000000000000000e+03 6.580200000000000000e+04 5.969205997912947481e-01
2.515000000000000000e+03 6.768400000000000000e+04 5.611349003836912930e-01
2.758000000000000000e+03 6.889400000000000000e+04 6.045443539309756087e-01
2.879000000000000000e+03 7.124900000000000000e+04 6.102084255761915932e-01
2.950000000000000000e+03 7.274300000000000000e+04 6.124154188888952799e-01
2.919000000000000000e+03 7.358900000000000000e+04 5.990133507360956289e-01
3.114000000000000000e+03 7.599700000000000000e+04 6.187817093482749220e-01
3.092000000000000000e+03 7.780400000000000000e+04 6.001404069321447654e-01
3.135000000000000000e+03 7.935300000000000000e+04 5.966085916839577452e-01
3.087000000000000000e+03 8.080300000000000000e+04 5.769317667879724221e-01
3.360000000000000000e+03 8.299100000000000000e+04 6.113974007904442454e-01
3.532000000000000000e+03 8.531300000000000000e+04 6.252026198679427882e-01
3.515000000000000000e+03 8.607800000000000000e+04 6.166638215755663177e-01
3.613000000000000000e+03 8.829000000000000000e+04 6.179762051139512380e-01
3.650000000000000000e+03 8.950600000000000000e+04 6.158231682953455577e-01
3.693000000000000000e+03 9.158400000000000000e+04 6.089407085996647595e-01
3.783000000000000000e+03 9.264500000000000000e+04 6.166371191282072894e-01
3.958000000000000000e+03 9.513000000000000000e+04 6.283094641326063545e-01
3.892000000000000000e+03 9.676700000000000000e+04 6.073805252798791798e-01
3.915000000000000000e+03 9.825400000000000000e+04 6.017233086488726901e-01
4.207000000000000000e+03 9.986900000000000000e+04 6.361464663519389440e-01
4.254000000000000000e+03 1.015840000000000000e+05 6.323936263426753746e-01
4.702000000000000000e+03 1.032160000000000000e+05 6.879405489161335430e-01
4.354000000000000000e+03 1.055430000000000000e+05 6.229802783888607198e-01
4.591000000000000000e+03 1.069870000000000000e+05 6.480247473163125438e-01
4.545000000000000000e+03 1.089910000000000000e+05 6.297360542124925686e-01
4.560000000000000000e+03 1.106820000000000000e+05 6.221615284528104750e-01
4.837000000000000000e+03 1.123650000000000000e+05 6.500703222959929306e-01
4.815000000000000000e+03 1.142920000000000000e+05 6.362030800090731075e-01
5.008000000000000000e+03 1.154650000000000000e+05 6.549818546810485254e-01
5.062000000000000000e+03 1.171260000000000000e+05 6.526557030709825291e-01
5.181000000000000000e+03 1.188230000000000000e+05 6.584584685151638750e-01
5.206000000000000000e+03 1.210180000000000000e+05 6.496351282476789946e-01
5.360000000000000000e+03 1.229070000000000000e+05 6.585723299813959208e-01
5.311000000000000000e+03 1.245790000000000000e+05 6.437937694399444855e-01
5.189000000000000000e+03 1.254980000000000000e+05 6.243989647250586250e-01
5.567000000000000000e+03 1.274980000000000000e+05 6.593760330756395227e-01
5.579000000000000000e+03 1.296300000000000000e+05 6.499293486932811170e-01
5.665000000000000000e+03 1.310580000000000000e+05 6.527572233744375341e-01
5.996000000000000000e+03 1.324560000000000000e+05 6.836051041910291559e-01
5.735000000000000000e+03 1.348450000000000000e+05 6.422644484373011275e-01
6.079000000000000000e+03 1.359560000000000000e+05 6.752258700543994907e-01
5.834000000000000000e+03 1.382750000000000000e+05 6.371446870315895517e-01
6.014000000000000000e+03 1.398530000000000000e+05 6.493920165443370918e-01
6.218000000000000000e+03 1.413520000000000000e+05 6.642997183790931848e-01
6.332000000000000000e+03 1.428620000000000000e+05 6.693287637694204095e-01
6.385000000000000000e+03 1.450960000000000000e+05 6.645394534855237900e-01
6.637000000000000000e+03 1.464950000000000000e+05 6.841704677266154944e-01
6.519000000000000000e+03 1.476800000000000000e+05 6.666142692101919565e-01
6.751000000000000000e+03 1.502130000000000000e+05 6.786969485125514678e-01
6.795000000000000000e+03 1.518310000000000000e+05 6.758406611014905474e-01
6.873000000000000000e+03 1.525980000000000000e+05 6.801626984292673539e-01
6.950000000000000000e+03 1.548660000000000000e+05 6.777102150264243674e-01
7.092000000000000000e+03 1.561600000000000000e+05 6.858264572553529614e-01
7.195000000000000000e+03 1.585240000000000000e+05 6.854110226218436130e-01
7.361000000000000000e+03 1.603340000000000000e+05 6.933084583861384154e-01
7.228000000000000000e+03 1.613680000000000000e+05 6.764193704247033478e-01
7.577000000000000000e+03 1.635750000000000000e+05 6.995128013172041692e-01
7.495000000000000000e+03 1.645030000000000000e+05 6.880391062832209581e-01
7.880000000000000000e+03 1.666100000000000000e+05 7.142339032937593535e-01
7.817000000000000000e+03 1.685010000000000000e+05 7.005722612690993278e-01
7.838000000000000000e+03 1.696110000000000000e+05 6.978571826512475207e-01
8.436000000000000000e+03 1.712730000000000000e+05 7.438116471399217611e-01
8.242000000000000000e+03 1.726010000000000000e+05 7.211151353492131211e-01
8.300000000000000000e+03 1.746520000000000000e+05 7.176618122832731927e-01
9.103000000000000000e+03 1.757630000000000000e+05 7.821182041113073913e-01
9.475000000000000000e+03 1.772630000000000000e+05 8.071912248817414426e-01
9.322000000000000000e+03 1.789910000000000000e+05 7.864900135722037167e-01
8.982000000000000000e+03 1.799160000000000000e+05 7.539083823287439090e-01
9.856000000000000000e+03 1.825890000000000000e+05 8.151572454404846235e-01
9.853000000000000000e+03 1.836650000000000000e+05 8.101349864493757602e-01
9.360000000000000000e+03 1.854100000000000000e+05 7.623563168387398337e-01
9.485000000000000000e+03 1.855430000000000000e+05 7.719835910520593814e-01
9.644000000000000000e+03 1.870630000000000000e+05 7.785466046973379406e-01
1.017400000000000000e+04 1.887260000000000000e+05 8.140954105294682108e-01
1.091900000000000000e+04 1.897300000000000000e+05 8.690848266242198195e-01
1.068500000000000000e+04 1.914200000000000000e+05 8.429513741395175952e-01
1.048800000000000000e+04 1.924770000000000000e+05 8.228660529418689862e-01
1.077500000000000000e+04 1.940290000000000000e+05 8.386214023832906372e-01
1.171000000000000000e+04 1.950020000000000000e+05 9.068451565609511045e-01
1.188900000000000000e+04 1.969580000000000000e+05 9.115636733534291380e-01
1.136700000000000000e+04 1.978350000000000000e+05 8.676769111327445883e-01
1.225100000000000000e+04 1.987210000000000000e+05 9.309858586912354017e-01
1.130700000000000000e+04 2.001510000000000000e+05 8.531098105119924169e-01
1.151800000000000000e+04 2.018810000000000000e+05 8.615826309716332343e-01
1.097700000000000000e+04 2.027410000000000000e+05 8.176310737241204718e-01
1.143000000000000000e+04 2.037580000000000000e+05 8.471237730327901838e-01
1.100500000000000000e+04 2.042300000000000000e+05 8.137402872511885210e-01
1.146000000000000000e+04 2.066680000000000000e+05 8.373879156942324320e-01
1.160500000000000000e+04 2.072240000000000000e+05 8.457079255632423687e-01
1.124800000000000000e+04 2.090490000000000000e+05 8.125358312522954485e-01
1.192300000000000000e+04 2.102680000000000000e+05 8.563034000740441520e-01
1.152900000000000000e+04 2.123160000000000000e+05 8.200195830525275342e-01
1.117000000000000000e+04 2.133440000000000000e+05 7.906568684765082899e-01
1.144700000000000000e+04 2.150860000000000000e+05 8.037016282827681435e-01
1.166000000000000000e+04 2.158240000000000000e+05 8.158571453031080445e-01
1.165900000000000000e+04 2.186480000000000000e+05 8.052506823481668796e-01
1.278100000000000000e+04 2.200280000000000000e+05 8.772072088919012911e-01
1.196600000000000000e+04 2.210490000000000000e+05 8.174773949744971180e-01
1.234300000000000000e+04 2.232310000000000000e+05 8.349904965613829111e-01
1.236000000000000000e+04 2.243250000000000000e+05 8.320627937729021539e-01
1.227900000000000000e+04 2.270250000000000000e+05 8.167791131918922254e-01
1.281500000000000000e+04 2.283120000000000000e+05 8.476277773769739232e-01
1.306800000000000000e+04 2.294570000000000000e+05 8.600488569492439339e-01
1.323100000000000000e+04 2.321860000000000000e+05 8.605417552491217981e-01
1.360400000000000000e+04 2.339640000000000000e+05 8.780775910187250677e-01
1.377500000000000000e+04 2.356470000000000000e+05 8.827647862738037254e-01
1.344400000000000000e+04 2.359500000000000000e+05 8.604464170008183643e-01
1.391700000000000000e+04 2.381820000000000000e+05 8.823725680184761888e-01
1.342100000000000000e+04 2.390870000000000000e+05 8.477039797777161656e-01
1.349200000000000000e+04 2.399370000000000000e+05 8.491695574899731369e-01
1.344300000000000000e+04 2.402100000000000000e+05 8.451239780088550813e-01
1.362600000000000000e+04 2.400470000000000000e+05 8.572103581777621439e-01
1.403400000000000000e+04 2.401070000000000000e+05 8.826569781580299034e-01
1.368200000000000000e+04 2.396880000000000000e+05 8.620225023543686138e-01
1.363700000000000000e+04 2.378050000000000000e+05 8.659905785063114481e-01
1.358500000000000000e+04 2.360350000000000000e+05 8.691576256157805824e-01
1.379400000000000000e+04 2.348890000000000000e+05 8.868350537230234032e-01
1.374500000000000000e+04 2.329120000000000000e+05 8.911856562821265371e-01
1.388500000000000000e+04 2.300010000000000000e+05 9.116569941566529112e-01
1.353300000000000000e+04 2.269140000000000000e+05 9.006335034539435513e-01
1.332700000000000000e+04 2.242380000000000000e+05 8.975083439583376732e-01
1.296300000000000000e+04 2.213420000000000000e+05 8.844168323961173472e-01
1.253200000000000000e+04 2.188100000000000000e+05 8.649052403130583766e-01
1.293000000000000000e+04 2.164960000000000000e+05 9.019115664937596977e-01
1.226300000000000000e+04 2.133160000000000000e+05 8.681376775816774805e-01
1.294100000000000000e+04 2.104860000000000000e+05 9.284530143184304141e-01
1.219400000000000000e+04 2.078190000000000000e+05 8.860867620204520012e-01
1.235400000000000000e+04 2.056590000000000000e+05 9.071418134391892041e-01
1.167000000000000000e+04 2.030740000000000000e+05 8.678243687830944353e-01
1.212200000000000000e+04 2.005180000000000000e+05 9.129273619332700651e-01
1.169500000000000000e+04 1.983750000000000000e+05 8.902840539995382496e-01
1.162300000000000000e+04 1.968670000000000000e+05 8.915806263922625430e-01
1.144600000000000000e+04 1.947350000000000000e+05 8.876158219477313649e-01
1.192300000000000000e+04 1.942140000000000000e+05 9.270866329243468984e-01
1.148400000000000000e+04 1.928950000000000000e+05 8.990576104759578913e-01
1.194100000000000000e+04 1.928460000000000000e+05 9.350726866816907457e-01
1.190800000000000000e+04 1.918740000000000000e+05 9.372123545619986951e-01
1.123400000000000000e+04 1.920220000000000000e+05 8.834841024140824839e-01
1.162200000000000000e+04 1.913840000000000000e+05 9.170447991583912106e-01
1.100600000000000000e+04 1.894490000000000000e+05 8.773088282289494000e-01
1.239800000000000000e+04 1.887340000000000000e+05 9.920117037676026150e-01
1.197700000000000000e+04 1.875830000000000000e+05 9.642061133147125096e-01
1.164700000000000000e+04 1.855230000000000000e+05 9.480508356809120851e-01
1.159900000000000000e+04 1.822180000000000000e+05 9.612682126019451712e-01
1.087800000000000000e+04 1.801050000000000000e+05 9.120918878883802483e-01
1.071200000000000000e+04 1.771430000000000000e+05 9.131915348128842869e-01
1.089600000000000000e+04 1.740880000000000000e+05 9.451779185077945344e-01
1.060600000000000000e+04 1.732520000000000000e+05 9.244611702303090484e-01
1.094200000000000000e+04 1.708500000000000000e+05 9.671571251603248154e-01
1.040300000000000000e+04 1.691650000000000000e+05 9.286742286881513042e-01
1.031100000000000000e+04 1.680780000000000000e+05 9.264142432865576371e-01
1.078600000000000000e+04 1.666440000000000000e+05 9.774308511270950461e-01
9.985000000000000000e+03 1.655120000000000000e+05 9.110325435773730662e-01
1.042300000000000000e+04 1.648260000000000000e+05 9.549537243684330656e-01
9.974000000000000000e+03 1.631830000000000000e+05 9.230171260510104947e-01
1.053100000000000000e+04 1.626200000000000000e+05 9.779371948532814551e-01
9.289000000000000000e+03 1.611240000000000000e+05 8.706107718447526622e-01
9.467000000000000000e+03 1.603410000000000000e+05 8.916267668626491893e-01
9.809000000000000000e+03 1.597690000000000000e+05 9.271447126629075441e-01
9.773000000000000000e+03 1.584790000000000000e+05 9.312611486653982196e-01
9.801000000000000000e+03 1.575300000000000000e+05 9.395554683346155622e-01
9.638000000000000000e+03 1.569910000000000000e+05 9.271019071888328966e-01
1.032200000000000000e+04 1.557410000000000000e+05 1.000866617366744427e+00
9.327000000000000000e+03 1.550650000000000000e+05 9.083296726436164148e-01
9.544000000000000000e+03 1.549350000000000000e+05 9.302425541736660808e-01
9.708000000000000000e+03 1.532770000000000000e+05 9.564628018554830469e-01
9.416000000000000000e+03 1.521490000000000000e+05 9.345717645195659173e-01
9.539000000000000000e+03 1.514460000000000000e+05 9.511748310402182716e-01
9.500000000000000000e+03 1.507380000000000000e+05 9.517352720754714834e-01
9.177000000000000000e+03 1.492490000000000000e+05 9.285485370962659468e-01
9.814000000000000000e+03 1.481140000000000000e+05 1.000610950123689502e+00
9.439000000000000000e+03 1.481290000000000000e+05 9.622794326439503276e-01
9.257000000000000000e+03 1.472390000000000000e+05 9.494294807758919541e-01
9.753000000000000000e+03 1.455990000000000000e+05 1.011568135101363453e+00
9.316000000000000000e+03 1.453520000000000000e+05 9.678850378136265586e-01
9.276000000000000000e+03 1.442100000000000000e+05 9.713610197825793824e-01
9.287000000000000000e+03 1.431750000000000000e+05 9.795431278857474888e-01
9.816000000000000000e+03 1.416310000000000000e+05 1.046626041857306344e+00
9.303000000000000000e+03 1.414860000000000000e+05 9.929442395460899018e-01
9.392000000000000000e+03 1.409380000000000000e+05 1.006341280476685807e+00
8.700000000000000000e+03 1.387480000000000000e+05 9.469080950594095381e-01
9.628000000000000000e+03 1.381170000000000000e+05 1.052699104187912793e+00
8.943000000000000000e+03 1.373940000000000000e+05 9.829485166415843356e-01
8.838000000000000000e+03 1.368930000000000000e+05 9.749628428237571143e-01
9.421000000000000000e+03 1.344390000000000000e+05 1.058246982416318760e+00
9.257000000000000000e+03 1.353630000000000000e+05 1.032727165621045273e+00
1.024400000000000000e+04 1.335990000000000000e+05 1.157928306470147550e+00
8.866000000000000000e+03 1.326390000000000000e+05 1.009419746756843095e+00
9.445000000000000000e+03 1.313820000000000000e+05 1.085628914776238352e+00
9.529000000000000000e+03 1.312040000000000000e+05 1.096769992708734209e+00
1.004500000000000000e+04 1.304790000000000000e+05 1.162584771363505798e+00
8.919000000000000000e+03 1.291790000000000000e+05 1.042652416285847927e+00
8.615000000000000000e+03 1.276260000000000000e+05 1.019369023531583984e+00
8.427000000000000000e+03 1.263680000000000000e+05 1.007050362718977299e+00
8.689000000000000000e+03 1.262010000000000000e+05 1.039734151877614421e+00
8.578000000000000000e+03 1.253650000000000000e+05 1.033296706778682239e+00
8.568000000000000000e+03 1.238010000000000000e+05 1.045130720324952245e+00
8.614000000000000000e+03 1.236200000000000000e+05 1.052280291727923922e+00
9.006000000000000000e+03 1.213720000000000000e+05 1.120543556397872509e+00
8.620000000000000000e+03 1.216400000000000000e+05 1.070153713140595375e+00
8.710000000000000000e+03 1.197620000000000000e+05 1.098283409693083579e+00
8.050000000000000000e+03 1.191880000000000000e+05 1.019949469576595602e+00
8.332000000000000000e+03 1.184070000000000000e+05 1.062642525540302474e+00
8.242000000000000000e+03 1.177390000000000000e+05 1.057127999018248277e+00
7.905000000000000000e+03 1.165840000000000000e+05 1.023948774906278114e+00
8.206000000000000000e+03 1.156150000000000000e+05 1.071846606913576361e+00
8.533000000000000000e+03 1.148500000000000000e+05 1.121982425970300401e+00
8.476000000000000000e+03 1.141290000000000000e+05 1.121528319656146078e+00
7.697000000000000000e+03 1.129630000000000000e+05 1.028964940164328823e+00
8.307000000000000000e+03 1.120330000000000000e+05 1.119730616655363331e+00
8.203000000000000000e+03 1.107900000000000000e+05 1.118117532780982915e+00
7.950000000000000000e+03 1.099140000000000000e+05 1.092268537186291910e+00
8.186000000000000000e+03 1.093140000000000000e+05 1.130866300579915329e+00
9.510000000000000000e+03 1.080480000000000000e+05 1.329165600293134020e+00
7.635000000000000000e+03 1.065780000000000000e+05 1.081824427536174138e+00
7.482000000000000000e+03 1.061360000000000000e+05 1.064560373116007153e+00
8.638000000000000000e+03 1.052980000000000000e+05 1.238820506329372018e+00
7.985000000000000000e+03 1.036750000000000000e+05 1.163097667524036760e+00
7.015000000000000000e+03 1.032390000000000000e+05 1.026122462050417017e+00
7.318000000000000000e+03 1.026980000000000000e+05 1.076082893648703909e+00
7.455000000000000000e+03 1.014070000000000000e+05 1.110184146532963378e+00
7.397000000000000000e+03 1.009270000000000000e+05 1.106785759855930973e+00
7.365000000000000000e+03 9.895100000000000000e+04 1.124004039395530841e+00
7.570000000000000000e+03 9.893700000000000000e+04 1.155453441468910381e+00
7.244000000000000000e+03 9.745700000000000000e+04 1.122485427502075028e+00
7.089000000000000000e+03 9.696000000000000000e+04 1.104098139062374972e+00
7.134000000000000000e+03 9.554800000000000000e+04 1.127526641961196896e+00
6.981000000000000000e+03 9.508200000000000000e+04 1.108752566302755538e+00
7.009000000000000000e+03 9.350800000000000000e+04 1.131937896828153045e+00
7.110000000000000000e+03 9.267000000000000000e+04 1.158632605741277022e+00
6.981000000000000000e+03 9.200900000000000000e+04 1.145783689739032329e+00
6.758000000000000000e+03 9.061300000000000000e+04 1.126271220065200085e+00
6.962000000000000000e+03 9.004200000000000000e+04 1.167627175832549158e+00
6.974000000000000000e+03 8.881100000000000000e+04 1.185852002255875171e+00
6.864000000000000000e+03 8.766500000000000000e+04 1.182405240978557259e+00
6.455000000000000000e+03 8.678300000000000000e+04 1.123251211774845215e+00
6.761000000000000000e+03 8.595400000000000000e+04 1.187846034684552299e+00
7.006000000000000000e+03 8.520700000000000000e+04 1.241681374242713742e+00
6.710000000000000000e+03 8.399000000000000000e+04 1.206452554347415163e+00
6.993000000000000000e+03 8.320600000000000000e+04 1.269182841564679975e+00
6.726000000000000000e+03 8.164700000000000000e+04 1.244033110598253389e+00
6.769000000000000000e+03 8.106100000000000000e+04 1.261037104599796566e+00
6.625000000000000000e+03 7.997500000000000000e+04 1.250970136462374649e+00
6.577000000000000000e+03 7.912900000000000000e+04 1.255184226256490287e+00
6.400000000000000000e+03 7.897700000000000000e+04 1.223755480082501679e+00
6.013000000000000000e+03 7.715900000000000000e+04 1.176846775566546377e+00
6.545000000000000000e+03 7.652600000000000000e+04 1.291564043027173314e+00
6.171000000000000000e+03 7.573100000000000000e+04 1.230544045397908848e+00
6.003000000000000000e+03 7.450200000000000000e+04 1.216790247477638864e+00
6.036000000000000000e+03 7.390400000000000000e+04 1.233379127437857825e+00
5.828000000000000000e+03 7.289200000000000000e+04 1.207410601935424488e+00
6.090000000000000000e+03 7.179100000000000000e+04 1.281039727282139440e+00
6.114000000000000000e+03 7.091800000000000000e+04 1.301919894432673752e+00
5.924000000000000000e+03 6.991500000000000000e+04 1.279558058278396748e+00
5.896000000000000000e+03 6.872200000000000000e+04 1.295618059677043243e+00
5.533000000000000000e+03 6.806500000000000000e+04 1.227586573343913523e+00
5.672000000000000000e+03 6.741300000000000000e+04 1.270597147699392249e+00
5.502000000000000000e+03 6.650200000000000000e+04 1.249399097256279623e+00
5.462000000000000000e+03 6.546000000000000000e+04 1.260059355519349999e+00
5.228000000000000000e+03 6.416300000000000000e+04 1.230456389113193882e+00
5.432000000000000000e+03 6.370200000000000000e+04 1.287721663326367949e+00
5.362000000000000000e+03 6.347800000000000000e+04 1.275612842696610683e+00
5.143000000000000000e+03 6.207600000000000000e+04 1.251146335437348656e+00
5.225000000000000000e+03 6.088200000000000000e+04 1.296022950841986709e+00
5.363000000000000000e+03 6.052800000000000000e+04 1.338032866814226063e+00
4.959000000000000000e+03 6.008400000000000000e+04 1.246380309113619189e+00
5.418000000000000000e+03 5.942300000000000000e+04 1.376891552488297643e+00
4.999000000000000000e+03 5.819800000000000000e+04 1.297150552359585651e+00
5.123000000000000000e+03 5.826100000000000000e+04 1.327888866340924956e+00
5.071000000000000000e+03 5.716900000000000000e+04 1.339517288782662074e+00
4.965000000000000000e+03 5.612000000000000000e+04 1.336032118599407736e+00
4.843000000000000000e+03 5.570300000000000000e+04 1.312959082415764200e+00
4.861000000000000000e+03 5.429100000000000000e+04 1.352113311172266519e+00
4.982000000000000000e+03 5.457800000000000000e+04 1.378482999945233489e+00
4.983000000000000000e+03 5.350300000000000000e+04 1.406462189126721274e+00
4.896000000000000000e+03 5.259100000000000000e+04 1.405870404843299060e+00
4.970000000000000000e+03 5.212600000000000000e+04 1.439850154720845987e+00
4.554000000000000000e+03 5.091000000000000000e+04 1.350844122749909504e+00
4.789000000000000000e+03 5.037600000000000000e+04 1.435609967854944324e+00
4.887000000000000000e+03 4.987300000000000000e+04 1.479762967068149804e+00
4.548000000000000000e+03 4.901800000000000000e+04 1.401135629486756295e+00
4.534000000000000000e+03 4.837700000000000000e+04 1.415330582972851747e+00
4.464000000000000000e+03 4.778200000000000000e+04 1.410831573478649403e+00
4.370000000000000000e+03 4.707700000000000000e+04 1.401806165715141494e+00
4.612000000000000000e+03 4.617500000000000000e+04 1.508334632413353082e+00
4.419000000000000000e+03 4.566100000000000000e+04 1.461483415197571079e+00
4.464000000000000000e+03 4.516000000000000000e+04 1.492744779538459410e+00
4.054000000000000000e+03 4.434300000000000000e+04 1.380619429700109979e+00
4.212000000000000000e+03 4.403500000000000000e+04 1.444460499995045888e+00
4.526000000000000000e+03 4.335800000000000000e+04 1.576378913736555143e+00
4.135000000000000000e+03 4.237500000000000000e+04 1.473605083466877463e+00
4.025000000000000000e+03 4.202400000000000000e+04 1.446384653768028716e+00
4.060000000000000000e+03 4.130400000000000000e+04 1.484394135536704740e+00
4.290000000000000000e+03 4.102000000000000000e+04 1.579344762469301999e+00
4.080000000000000000e+03 4.056700000000000000e+04 1.518806962578654662e+00
4.194000000000000000e+03 4.017800000000000000e+04 1.576360050481199426e+00
3.780000000000000000e+03 3.948600000000000000e+04 1.445652684498929696e+00
4.008000000000000000e+03 3.891900000000000000e+04 1.555182456248501488e+00
4.069000000000000000e+03 3.838000000000000000e+04 1.601024684177492219e+00
3.643000000000000000e+03 3.797900000000000000e+04 1.448541540445801967e+00
3.928000000000000000e+03 3.743100000000000000e+04 1.584730285267678784e+00
3.665000000000000000e+03 3.683300000000000000e+04 1.502630481062725787e+00
3.795000000000000000e+03 3.671800000000000000e+04 1.560802927928125472e+00
3.722000000000000000e+03 3.597400000000000000e+04 1.562438553889921922e+00
3.694000000000000000e+03 3.560400000000000000e+04 1.566799437990891830e+00
3.854000000000000000e+03 3.510900000000000000e+04 1.657710006095007405e+00
3.502000000000000000e+03 3.441000000000000000e+04 1.536904129430788801e+00
3.634000000000000000e+03 3.431000000000000000e+04 1.599482575344418622e+00
4.033000000000000000e+03 3.387900000000000000e+04 1.797682321220689161e+00
3.575000000000000000e+03 3.350100000000000000e+04 1.611512147808791040e+00
3.708000000000000000e+03 3.316000000000000000e+04 1.688653373459948259e+00
3.646000000000000000e+03 3.269300000000000000e+04 1.684136150432788304e+00
3.340000000000000000e+03 3.224000000000000000e+04 1.564468207576908521e+00
3.543000000000000000e+03 3.191300000000000000e+04 1.676558950302069029e+00
3.485000000000000000e+03 3.135700000000000000e+04 1.678354065073229151e+00
3.402000000000000000e+03 3.092000000000000000e+04 1.661537442112298146e+00
3.224000000000000000e+03 3.029000000000000000e+04 1.607352270957482787e+00
3.461000000000000000e+03 3.019000000000000000e+04 1.731226114820700879e+00
3.469000000000000000e+03 3.018100000000000000e+04 1.735745239625097192e+00
3.388000000000000000e+03 2.946200000000000000e+04 1.736586757056822306e+00
3.581000000000000000e+03 2.915600000000000000e+04 1.854776940141253272e+00
3.205000000000000000e+03 2.863500000000000000e+04 1.690231358282448859e+00
3.345000000000000000e+03 2.860900000000000000e+04 1.765666806999880656e+00
3.294000000000000000e+03 2.816400000000000000e+04 1.766219061774711774e+00
3.216000000000000000e+03 2.784400000000000000e+04 1.744213820450152941e+00
3.182000000000000000e+03 2.749700000000000000e+04 1.747552251743450302e+00
3.392000000000000000e+03 2.711800000000000000e+04 1.888919698051188867e+00
3.064000000000000000e+03 2.720100000000000000e+04 1.701058302030817204e+00
3.118000000000000000e+03 2.644700000000000000e+04 1.780389416594884144e+00
3.144000000000000000e+03 2.634700000000000000e+04 1.802049325555896697e+00
3.013000000000000000e+03 2.600400000000000000e+04 1.749743072139042344e+00
2.781000000000000000e+03 2.572100000000000000e+04 1.632782916603122469e+00
2.847000000000000000e+03 2.537800000000000000e+04 1.694124731307655951e+00
3.173000000000000000e+03 2.507700000000000000e+04 1.910776100078380502e+00
2.658000000000000000e+03 2.461700000000000000e+04 1.630553899180219313e+00
3.169000000000000000e+03 2.455500000000000000e+04 1.948936140351109847e+00
2.761000000000000000e+03 2.417800000000000000e+04 1.724492626405355056e+00
2.987000000000000000e+03 2.401700000000000000e+04 1.878156479500659781e+00
2.853000000000000000e+03 2.376000000000000000e+04 1.813304100763542204e+00
2.766000000000000000e+03 2.362700000000000000e+04 1.767904913463780092e+00
2.942000000000000000e+03 2.341900000000000000e+04 1.897097405762279365e+00
3.142000000000000000e+03 2.337800000000000000e+04 2.029617200476909300e+00
3.107000000000000000e+03 2.279800000000000000e+04 2.058068437077321455e+00
2.629000000000000000e+03 2.278600000000000000e+04 1.742359635516330663e+00
2.687000000000000000e+03 2.246100000000000000e+04 1.806566226675740072e+00
3.232000000000000000e+03 2.233900000000000000e+04 2.184856571824622673e+00
3.003000000000000000e+03 2.210400000000000000e+04 2.051633437818654482e+00
3.054000000000000000e+03 2.191600000000000000e+04 2.104374590946346935e+00
2.889000000000000000e+03 2.137600000000000000e+04 2.040969005063538066e+00
2.414000000000000000e+03 2.154100000000000000e+04 1.692336469065157889e+00
2.856000000000000000e+03 2.115600000000000000e+04 2.038637239348165764e+00
2.964000000000000000e+03 2.110500000000000000e+04 2.120841198291356644e+00
2.694000000000000000e+03 2.058600000000000000e+04 1.976245669591755627e+00
2.734000000000000000e+03 2.030800000000000000e+04 2.033043466006320354e+00
2.522000000000000000e+03 2.035600000000000000e+04 1.870974844489184719e+00
2.865000000000000000e+03 1.995800000000000000e+04 2.167818490839458434e+00
2.848000000000000000e+03 1.978800000000000000e+04 2.173468706537381223e+00
2.478000000000000000e+03 1.948200000000000000e+04 1.920804088165348755e+00
2.782000000000000000e+03 1.951900000000000000e+04 2.152359789527379608e+00
2.573000000000000000e+03 1.930400000000000000e+04 2.012833193123624742e+00
2.503000000000000000e+03 1.901900000000000000e+04 1.987414616517041877e+00
2.457000000000000000e+03 1.872900000000000000e+04 1.981097615200014816e+00
2.802000000000000000e+03 1.857300000000000000e+04 2.278250008534171034e+00
2.552000000000000000e+03 1.822300000000000000e+04 2.114833120205356298e+00
2.481000000000000000e+03 1.833700000000000000e+04 2.043213679835597762e+00
2.520000000000000000e+03 1.813400000000000000e+04 2.098564093236451988e+00
2.476000000000000000e+03 1.788600000000000000e+04 2.090512276527188629e+00
2.648000000000000000e+03 1.785000000000000000e+04 2.240242688950103034e+00
2.427000000000000000e+03 1.740300000000000000e+04 2.106012596678775051e+00
2.580000000000000000e+03 1.750000000000000000e+04 2.226368074109173367e+00
2.457000000000000000e+03 1.727300000000000000e+04 2.148091080592894997e+00
2.523000000000000000e+03 1.717900000000000000e+04 2.217862813217175155e+00
2.490000000000000000e+03 1.679700000000000000e+04 2.238633163759568223e+00
2.527000000000000000e+03 1.671800000000000000e+04 2.282633724345131565e+00
2.252000000000000000e+03 1.649900000000000000e+04 2.061228183447399775e+00
2.180000000000000000e+03 1.591300000000000000e+04 2.068805867058744141e+00
2.194000000000000000e+03 1.599700000000000000e+04 2.071158744527721751e+00
2.542000000000000000e+03 1.588200000000000000e+04 2.417050158112459268e+00
2.537000000000000000e+03 1.575400000000000000e+04 2.431895641866320901e+00
2.306000000000000000e+03 1.540600000000000000e+04 2.260396976881947850e+00
2.266000000000000000e+03 1.546200000000000000e+04 2.213143349657406667e+00
2.076000000000000000e+03 1.540700000000000000e+04 2.034813334429841802e+00
2.358000000000000000e+03 1.521500000000000000e+04 2.340384172547874009e+00
2.238000000000000000e+03 1.496400000000000000e+04 2.258539503140502891e+00
2.276000000000000000e+03 1.446800000000000000e+04 2.375631449458317057e+00
2.079000000000000000e+03 1.458600000000000000e+04 2.152452560336528098e+00
2.049000000000000000e+03 1.445200000000000000e+04 2.141062346387230253e+00
2.226000000000000000e+03 1.443800000000000000e+04 2.328270475063190403e+00
2.215000000000000000e+03 1.412100000000000000e+04 2.368773772874882333e+00
2.162000000000000000e+03 1.408300000000000000e+04 2.318333008127358319e+00
2.045000000000000000e+03 1.365000000000000000e+04 2.262434263343897634e+00
2.120000000000000000e+03 1.367500000000000000e+04 2.341120857941139999e+00
2.121000000000000000e+03 1.325600000000000000e+04 2.416258982059527938e+00
1.883000000000000000e+03 1.346700000000000000e+04 2.111517904003139989e+00
2.123000000000000000e+03 1.310200000000000000e+04 2.446964717894453134e+00
2.000000000000000000e+03 1.295200000000000000e+04 2.331892192095712524e+00
2.150000000000000000e+03 1.277500000000000000e+04 2.541516066334672530e+00
1.915000000000000000e+03 1.278900000000000000e+04 2.261244373755779691e+00
2.085000000000000000e+03 1.276100000000000000e+04 2.467383516032024993e+00
2.179000000000000000e+03 1.261200000000000000e+04 2.609087093931952595e+00
2.543000000000000000e+03 1.250000000000000000e+04 3.072215355598247655e+00
1.958000000000000000e+03 1.212400000000000000e+04 2.438833029603363123e+00
2.107000000000000000e+03 1.184700000000000000e+04 2.685786308135134082e+00
1.868000000000000000e+03 1.209700000000000000e+04 2.331924576809961902e+00
1.717000000000000000e+03 1.178400000000000000e+04 2.200355583539741922e+00
1.922000000000000000e+03 1.181300000000000000e+04 2.457018846424680270e+00
2.061000000000000000e+03 1.157600000000000000e+04 2.688653164825534958e+00
1.899000000000000000e+03 1.135200000000000000e+04 2.526200929755679780e+00
1.631000000000000000e+03 1.126200000000000000e+04 2.187024994364704433e+00
1.652000000000000000e+03 1.118800000000000000e+04 2.229835850651729512e+00
1.626000000000000000e+03 1.091200000000000000e+04 2.250253740593405549e+00
1.877000000000000000e+03 1.085700000000000000e+04 2.610776790107231626e+00
1.916000000000000000e+03 1.063400000000000000e+04 2.720909876791298920e+00
1.657000000000000000e+03 1.062900000000000000e+04 2.354211136162537521e+00
1.591000000000000000e+03 1.030200000000000000e+04 2.332190073101807926e+00
1.792000000000000000e+03 1.022300000000000000e+04 2.647128067507894755e+00
1.812000000000000000e+03 1.029600000000000000e+04 2.657693950160591179e+00
1.745000000000000000e+03 1.018500000000000000e+04 2.587317382802223786e+00
1.721000000000000000e+03 9.891000000000000000e+03 2.627580177108114867e+00
1.704000000000000000e+03 9.792000000000000000e+03 2.627928192051078859e+00
1.773000000000000000e+03 9.702000000000000000e+03 2.759705719568025462e+00
1.418000000000000000e+03 9.436000000000000000e+03 2.269361104224754122e+00
1.672000000000000000e+03 9.405000000000000000e+03 2.684681570846548571e+00
1.534000000000000000e+03 9.311000000000000000e+03 2.487965428465487516e+00
1.744000000000000000e+03 9.212000000000000000e+03 2.858958555145965974e+00
1.655000000000000000e+03 9.077000000000000000e+03 2.753410542976708619e+00
1.687000000000000000e+03 8.995000000000000000e+03 2.832234594925176818e+00
1.765000000000000000e+03 9.005000000000000000e+03 2.959894971744684966e+00
1.667000000000000000e+03 8.782000000000000000e+03 2.866536495631032633e+00
1.397000000000000000e+03 8.708000000000000000e+03 2.422664603687245233e+00
1.832000000000000000e+03 8.637000000000000000e+03 3.203154288245187331e+00
1.724000000000000000e+03 8.396000000000000000e+03 3.100845585193473308e+00
1.659000000000000000e+03 8.237000000000000000e+03 3.041533669290231057e+00
1.502000000000000000e+03 8.079000000000000000e+03 2.807550862939692582e+00
1.453000000000000000e+03 8.152000000000000000e+03 2.691638624107604905e+00
1.436000000000000000e+03 7.974000000000000000e+03 2.719527889204037319e+00
1.385000000000000000e+03 7.969000000000000000e+03 2.624588701578164152e+00
1.452000000000000000e+03 7.900000000000000000e+03 2.775586927834074125e+00
1.300000000000000000e+03 7.746000000000000000e+03 2.534435061556336688e+00
1.665000000000000000e+03 7.586000000000000000e+03 3.314489960052689810e+00
1.504000000000000000e+03 7.396000000000000000e+03 3.070904014245781077e+00
1.562000000000000000e+03 7.357000000000000000e+03 3.206236706789518109e+00
1.350000000000000000e+03 7.328000000000000000e+03 2.782041577322049264e+00
1.757000000000000000e+03 7.234000000000000000e+03 3.667824654392147110e+00
1.335000000000000000e+03 7.203000000000000000e+03 2.798872785100069205e+00
1.818000000000000000e+03 7.036000000000000000e+03 3.901964882585206684e+00
1.356000000000000000e+03 6.990000000000000000e+03 2.929529139003153926e+00
1.382000000000000000e+03 6.891000000000000000e+03 3.028594305814592325e+00
1.448000000000000000e+03 6.702000000000000000e+03 3.262717307452273285e+00
1.223000000000000000e+03 6.563000000000000000e+03 2.814098930586999003e+00
1.510000000000000000e+03 6.522000000000000000e+03 3.496322307938955820e+00
1.254000000000000000e+03 6.395000000000000000e+03 2.961231060259396752e+00
1.345000000000000000e+03 6.475000000000000000e+03 3.136879383696666856e+00
1.236000000000000000e+03 6.205000000000000000e+03 3.008098085626209173e+00
1.322000000000000000e+03 6.284000000000000000e+03 3.176951516742145820e+00
1.158000000000000000e+03 6.056000000000000000e+03 2.887606436938854770e+00
1.138000000000000000e+03 6.059000000000000000e+03 2.836329081594564538e+00
1.271000000000000000e+03 5.878000000000000000e+03 3.265361569508513195e+00
1.164000000000000000e+03 5.787000000000000000e+03 3.037489646642089980e+00
1.311000000000000000e+03 5.832000000000000000e+03 3.394692842766034779e+00
1.209000000000000000e+03 5.716000000000000000e+03 3.194106474411880114e+00
1.058000000000000000e+03 5.709000000000000000e+03 2.798600665353042860e+00
1.063000000000000000e+03 5.497000000000000000e+03 2.920268849860029103e+00
1.120000000000000000e+03 5.393000000000000000e+03 3.136193935904552976e+00
1.183000000000000000e+03 5.213000000000000000e+03 3.426985982735852421e+00
1.395000000000000000e+03 5.363000000000000000e+03 3.928092616303656026e+00
1.194000000000000000e+03 5.222000000000000000e+03 3.452890195365402093e+00
1.209000000000000000e+03 5.189000000000000000e+03 3.518503104208577259e+00
9.910000000000000000e+02 5.026000000000000000e+03 2.977600841919564090e+00
1.312000000000000000e+03 5.067000000000000000e+03 3.910193406916820269e+00
1.064000000000000000e+03 4.960000000000000000e+03 3.239479677725119355e+00
1.023000000000000000e+03 4.798000000000000000e+03 3.219813362701147597e+00
1.763000000000000000e+03 4.906000000000000000e+03 5.426753272093122860e+00
9.690000000000000000e+02 4.734000000000000000e+03 3.091084175558822977e+00
9.720000000000000000e+02 4.584000000000000000e+03 3.202115289834970291e+00
8.960000000000000000e+02 4.627000000000000000e+03 2.924312754931187364e+00
1.136000000000000000e+03 4.539000000000000000e+03 3.779492231264472757e+00
1.040000000000000000e+03 4.294000000000000000e+03 3.657519140533839863e+00
1.025000000000000000e+03 4.415000000000000000e+03 3.505972181633551177e+00
1.011000000000000000e+03 4.286000000000000000e+03 3.562167174103584966e+00
9.670000000000000000e+02 4.281000000000000000e+03 3.411116519370110733e+00
9.980000000000000000e+02 4.174000000000000000e+03 3.610716619151847606e+00
1.094000000000000000e+03 4.192000000000000000e+03 3.941044660447744707e+00
1.053000000000000000e+03 4.094000000000000000e+03 3.884148639306414186e+00
1.344000000000000000e+03 4.074000000000000000e+03 4.981883327344109880e+00
8.140000000000000000e+02 3.870000000000000000e+03 3.176352905042282515e+00
1.172000000000000000e+03 3.842000000000000000e+03 4.606653632432553991e+00
1.010000000000000000e+03 3.828000000000000000e+03 3.984416712218378898e+00
7.640000000000000000e+02 3.632000000000000000e+03 3.176602161539934244e+00
9.550000000000000000e+02 3.640000000000000000e+03 3.962025772909698595e+00
9.030000000000000000e+02 3.574000000000000000e+03 3.815474105741098576e+00
9.550000000000000000e+02 3.449000000000000000e+03 4.181436304259582570e+00
8.130000000000000000e+02 3.289000000000000000e+03 3.732862392422505948e+00
6.850000000000000000e+02 3.374000000000000000e+03 3.065919880755218152e+00
1.066000000000000000e+03 3.285000000000000000e+03 4.900463278291815605e+00
9.440000000000000000e+02 3.197000000000000000e+03 4.459073863370401014e+00
8.550000000000000000e+02 3.233000000000000000e+03 3.993702576489365441e+00
9.080000000000000000e+02 3.135000000000000000e+03 4.373847248197367144e+00
9.350000000000000000e+02 3.035000000000000000e+03 4.652305481604964044e+00
7.340000000000000000e+02 3.087000000000000000e+03 3.590663762757592359e+00
7.920000000000000000e+02 2.902000000000000000e+03 4.121384010379522067e+00
8.870000000000000000e+02 2.927000000000000000e+03 4.576318111562178714e+00
9.080000000000000000e+02 2.841000000000000000e+03 4.826473468179775850e+00
8.090000000000000000e+02 2.754000000000000000e+03 4.436085357056490430e+00
9.170000000000000000e+02 2.715000000000000000e+03 5.100524172236777787e+00
7.780000000000000000e+02 2.789000000000000000e+03 4.212562826969239005e+00
9.570000000000000000e+02 2.637000000000000000e+03 5.480461312500312765e+00
8.100000000000000000e+02 2.604000000000000000e+03 4.697419511201837317e+00
6.520000000000000000e+02 2.431000000000000000e+03 4.050213764327319943e+00
8.840000000000000000e+02 2.465000000000000000e+03 5.415650754983554194e+00
7.100000000000000000e+02 2.312000000000000000e+03 4.637520338913668994e+00
7.420000000000000000e+02 2.458000000000000000e+03 4.558661393946615625e+00
7.090000000000000000e+02 2.317000000000000000e+03 4.620995118572460925e+00
7.470000000000000000e+02 2.311000000000000000e+03 4.881305225227538180e+00
8.960000000000000000e+02 2.259000000000000000e+03 5.989727807466403320e+00
6.690000000000000000e+02 2.116000000000000000e+03 4.774476529438524075e+00
6.040000000000000000e+02 2.152000000000000000e+03 4.238478455832318303e+00
8.880000000000000000e+02 2.029000000000000000e+03 6.609159411719323529e+00
7.180000000000000000e+02 2.096000000000000000e+03 5.173071419015504269e+00
7.160000000000000000e+02 1.947000000000000000e+03 5.553443773284269191e+00
9.290000000000000000e+02 1.932000000000000000e+03 7.261459178910453005e+00
8.050000000000000000e+02 1.853000000000000000e+03 6.560482319476268920e+00
6.820000000000000000e+02 1.836000000000000000e+03 5.609536860653633106e+00
6.890000000000000000e+02 1.810000000000000000e+03 5.748518791719422261e+00
4.940000000000000000e+02 1.766000000000000000e+03 4.224268921285303513e+00
6.540000000000000000e+02 1.755000000000000000e+03 5.627505600428341914e+00
7.770000000000000000e+02 1.760000000000000000e+03 6.666895676466587872e+00
7.390000000000000000e+02 1.746000000000000000e+03 6.391687116158502491e+00
5.490000000000000000e+02 1.657000000000000000e+03 5.003399080247734609e+00
5.130000000000000000e+02 1.616000000000000000e+03 4.793925902149796414e+00
5.810000000000000000e+02 1.548000000000000000e+03 5.667877880311935179e+00
4.630000000000000000e+02 1.504000000000000000e+03 4.648881360421196263e+00
5.420000000000000000e+02 1.560000000000000000e+03 5.246745473793855474e+00
4.350000000000000000e+02 1.483000000000000000e+03 4.429588819059438798e+00
4.640000000000000000e+02 1.471000000000000000e+03 4.763439088993536075e+00
3.990000000000000000e+02 1.313000000000000000e+03 4.589057273852796826e+00
4.480000000000000000e+02 1.408000000000000000e+03 4.804969856912856052e+00
3.470000000000000000e+02 1.337000000000000000e+03 3.919343935000827894e+00
4.460000000000000000e+02 1.276000000000000000e+03 5.278365901928901316e+00
3.610000000000000000e+02 1.284000000000000000e+03 4.245779995950368146e+00
5.220000000000000000e+02 1.268000000000000000e+03 6.216795159620013500e+00
4.570000000000000000e+02 1.196000000000000000e+03 5.770325721619906645e+00
4.660000000000000000e+02 1.221000000000000000e+03 5.763490227339487681e+00
4.210000000000000000e+02 1.207000000000000000e+03 5.267325223662785660e+00
4.260000000000000000e+02 1.211000000000000000e+03 5.312277633477325622e+00
6.130000000000000000e+02 1.229000000000000000e+03 7.532235672477830768e+00
4.840000000000000000e+02 1.158000000000000000e+03 6.311783744930680840e+00
3.620000000000000000e+02 1.132000000000000000e+03 4.829225131304137442e+00
3.970000000000000000e+02 1.154000000000000000e+03 5.195172905456410639e+00
6.760000000000000000e+02 1.143000000000000000e+03 8.931322548682414819e+00
4.310000000000000000e+02 1.121000000000000000e+03 5.806132812953702427e+00
3.830000000000000000e+02 1.070000000000000000e+03 5.405430709525731459e+00
2.990000000000000000e+02 9.930000000000000000e+02 4.547128717993492941e+00
3.770000000000000000e+02 9.950000000000000000e+02 5.721811915755237621e+00
4.140000000000000000e+02 9.550000000000000000e+02 6.546546814773716250e+00
3.680000000000000000e+02 9.780000000000000000e+02 5.682301484307111572e+00
2.900000000000000000e+02 9.390000000000000000e+02 4.663883719322078569e+00
3.020000000000000000e+02 9.220000000000000000e+02 4.946423881209950579e+00
3.160000000000000000e+02 9.140000000000000000e+02 5.221030078971268473e+00
4.090000000000000000e+02 9.290000000000000000e+02 6.648488201215113413e+00
2.780000000000000000e+02 9.310000000000000000e+02 4.509313433309656283e+00
4.900000000000000000e+02 8.720000000000000000e+02 8.485841261061695562e+00
3.130000000000000000e+02 8.980000000000000000e+02 5.263605223465149585e+00
3.920000000000000000e+02 8.410000000000000000e+02 7.038909469342020664e+00
3.490000000000000000e+02 8.130000000000000000e+02 6.482614401928819881e+00
2.650000000000000000e+02 8.090000000000000000e+02 4.946666831326496983e+00
2.220000000000000000e+02 7.870000000000000000e+02 4.259842581441711573e+00
2.920000000000000000e+02 8.230000000000000000e+02 5.357945905365073536e+00
1.980000000000000000e+02 7.460000000000000000e+02 4.008128819745768290e+00
3.380000000000000000e+02 7.760000000000000000e+02 6.577642830634021109e+00
2.540000000000000000e+02 7.380000000000000000e+02 5.197478041120604075e+00
2.290000000000000000e+02 7.160000000000000000e+02 4.829895877718868746e+00
2.610000000000000000e+02 7.550000000000000000e+02 5.220461100925945175e+00
3.470000000000000000e+02 7.030000000000000000e+02 7.454001196438273524e+00
2.760000000000000000e+02 7.050000000000000000e+02 5.912011544311016387e+00
3.870000000000000000e+02 6.970000000000000000e+02 8.384815200195953722e+00
2.850000000000000000e+02 6.770000000000000000e+02 6.357282338646045972e+00
2.690000000000000000e+02 6.880000000000000000e+02 5.904445932975557199e+00
3.020000000000000000e+02 6.810000000000000000e+02 6.696920438290123734e+00
2.490000000000000000e+02 6.370000000000000000e+02 5.903033163527388716e+00
2.500000000000000000e+02 6.250000000000000000e+02 6.040533534404733729e+00
2.430000000000000000e+02 6.340000000000000000e+02 5.788050665853116783e+00
2.430000000000000000e+02 6.200000000000000000e+02 5.918748584114315037e+00
2.440000000000000000e+02 6.580000000000000000e+02 5.599886711226273128e+00
1.740000000000000000e+02 5.710000000000000000e+02 4.601807508697126181e+00
3.640000000000000000e+02 6.140000000000000000e+02 8.952582274117766303e+00
2.510000000000000000e+02 6.170000000000000000e+02 6.143330296335446583e+00
2.080000000000000000e+02 5.340000000000000000e+02 5.882167486686257440e+00
2.090000000000000000e+02 5.420000000000000000e+02 5.823208065916002596e+00
1.990000000000000000e+02 5.810000000000000000e+02 5.172401778599578392e+00
2.680000000000000000e+02 5.650000000000000000e+02 7.163110562922427427e+00
2.310000000000000000e+02 5.260000000000000000e+02 6.631954593381622409e+00
2.610000000000000000e+02 5.690000000000000000e+02 6.926973868539699097e+00
2.240000000000000000e+02 5.170000000000000000e+02 6.542937677498358084e+00
2.420000000000000000e+02 5.350000000000000000e+02 6.830883716476380485e+00
2.780000000000000000e+02 4.760000000000000000e+02 8.819686568090945755e+00
2.820000000000000000e+02 5.160000000000000000e+02 8.253054538285537589e+00
3.170000000000000000e+02 4.710000000000000000e+02 1.016374273039437703e+01
2.610000000000000000e+02 4.580000000000000000e+02 8.605781945849539483e+00
3.020000000000000000e+02 5.130000000000000000e+02 8.890063973636596728e+00
1.800000000000000000e+02 4.680000000000000000e+02 5.808205321543013611e+00
2.900000000000000000e+02 4.670000000000000000e+02 9.377701953840325899e+00
2.540000000000000000e+02 4.690000000000000000e+02 8.178547535921120826e+00
1.380000000000000000e+02 4.150000000000000000e+02 5.021648359926826899e+00
3.210000000000000000e+02 4.510000000000000000e+02 1.074839947086429959e+01
3.940000000000000000e+02 4.360000000000000000e+02 1.364661819125840125e+01
6.610000000000000000e+02 4.270000000000000000e+02 2.337700624263190363e+01
2.470000000000000000e+02 3.750000000000000000e+02 9.946745219986460995e+00
1.920000000000000000e+02 4.240000000000000000e+02 6.838339850269510301e+00
2.810000000000000000e+02 4.260000000000000000e+02 9.961208469294190238e+00
3.210000000000000000e+02 3.780000000000000000e+02 1.282414857502592298e+01
1.610000000000000000e+02 3.650000000000000000e+02 6.661136294788781775e+00
5.790000000000000000e+02 3.740000000000000000e+02 2.337880291724826876e+01
4.020000000000000000e+02 3.300000000000000000e+02 1.839617030932350872e+01
1.830000000000000000e+02 3.590000000000000000e+02 7.697894406657842303e+00
1.940000000000000000e+02 3.500000000000000000e+02 8.370453611960845919e+00
2.050000000000000000e+02 3.430000000000000000e+02 9.025578531727189713e+00
4.200000000000000000e+02 2.920000000000000000e+02 2.172109661344168074e+01
2.540000000000000000e+02 3.130000000000000000e+02 1.225475653146008348e+01
9.900000000000000000e+01 2.880000000000000000e+02 5.191083506129068326e+00
1.800000000000000000e+02 2.880000000000000000e+02 9.438333647507397117e+00
1.490000000000000000e+02 2.810000000000000000e+02 8.007468831194886505e+00
9.400000000000000000e+01 3.030000000000000000e+02 4.684902246155486338e+00
9.300000000000000000e+01 2.860000000000000000e+02 4.910573590031820146e+00
1.880000000000000000e+02 2.380000000000000000e+02 1.192878471079926328e+01
9.500000000000000000e+01 2.670000000000000000e+02 5.373133761876869308e+00
5.310000000000000000e+02 2.260000000000000000e+02 3.548145250850568289e+01
1.740000000000000000e+02 2.440000000000000000e+02 1.076898396502483202e+01
2.120000000000000000e+02 2.680000000000000000e+02 1.194583124341234637e+01
1.470000000000000000e+02 2.330000000000000000e+02 9.527450960917336786e+00
4.600000000000000000e+02 2.480000000000000000e+02 2.801053856679614285e+01
6.200000000000000000e+02 2.300000000000000000e+02 4.070794338403189983e+01
3.320000000000000000e+02 2.200000000000000000e+02 2.278928560707240436e+01
5.580000000000000000e+02 2.280000000000000000e+02 3.695852754602896084e+01
3.160000000000000000e+02 2.000000000000000000e+02 2.386010746089869983e+01
7.300000000000000000e+02 2.290000000000000000e+02 4.813962314536523479e+01
1.860000000000000000e+02 2.180000000000000000e+02 1.288462428210183930e+01
2.130000000000000000e+02 2.000000000000000000e+02 1.608292053535260280e+01
1.740000000000000000e+02 1.680000000000000000e+02 1.564066718729797323e+01
1.750000000000000000e+02 1.710000000000000000e+02 1.545458141112322181e+01
1.690000000000000000e+02 1.970000000000000000e+02 1.295495136185786755e+01
1.820000000000000000e+02 1.880000000000000000e+02 1.461937637316039229e+01
1.160000000000000000e+02 1.740000000000000000e+02 1.006755589067455503e+01
1.050000000000000000e+02 1.780000000000000000e+02 8.908090184164283443e+00
1.000000000000000000e+02 1.590000000000000000e+02 9.497694236485429542e+00
4.530000000000000000e+02 1.350000000000000000e+02 5.067336464972859744e+01
1.180000000000000000e+02 1.530000000000000000e+02 1.164678034411370255e+01
2.350000000000000000e+02 1.550000000000000000e+02 2.289557065459858620e+01
2.510000000000000000e+02 1.620000000000000000e+02 2.339774563480845870e+01
1.730000000000000000e+02 1.510000000000000000e+02 1.730152816973541263e+01
1.550000000000000000e+02 1.380000000000000000e+02 1.696164307667995885e+01
4.800000000000000000e+01 1.380000000000000000e+02 5.252637856004116479e+00
9.700000000000000000e+01 1.430000000000000000e+02 1.024356211253949667e+01
1.500000000000000000e+02 1.350000000000000000e+02 1.677925981779092623e+01
4.700000000000000000e+01 1.180000000000000000e+02 6.014938053326747358e+00
7.400000000000000000e+01 8.900000000000000000e+01 1.255616521196489721e+01
1.260000000000000000e+02 1.320000000000000000e+02 1.441490957073856904e+01
4.500000000000000000e+01 1.110000000000000000e+02 6.122162365950743812e+00
1.000000000000000000e+02 1.180000000000000000e+02 1.279774053899307873e+01
4.500000000000000000e+01 9.800000000000000000e+01 6.934285945107474980e+00
5.000000000000000000e+01 8.400000000000000000e+01 8.988889188102282546e+00
3.600000000000000000e+01 7.700000000000000000e+01 7.060363871382156375e+00
1.600000000000000000e+02 9.300000000000000000e+01 2.598078939528917886e+01
7.700000000000000000e+01 8.800000000000000000e+01 1.321366710651035525e+01
6.800000000000000000e+01 1.090000000000000000e+02 9.421015604117474851e+00
9.100000000000000000e+01 8.800000000000000000e+01 1.561615203496678461e+01
1.000000000000000000e+01 7.500000000000000000e+01 2.013511178134911095e+00
1.480000000000000000e+02 7.700000000000000000e+01 2.902594036012664347e+01
3.000000000000000000e+01 7.500000000000000000e+01 6.040533534404733729e+00
5.200000000000000000e+01 5.700000000000000000e+01 1.377665542934412812e+01
4.000000000000000000e+01 7.100000000000000000e+01 8.507793710429202960e+00
5.600000000000000000e+01 6.900000000000000000e+01 1.225615499734293934e+01
2.100000000000000000e+01 6.900000000000000000e+01 4.596058124003602252e+00
1.240000000000000000e+02 6.700000000000000000e+01 2.794873724873832188e+01
6.700000000000000000e+01 8.200000000000000000e+01 1.233889471966820572e+01
8.400000000000000000e+01 7.400000000000000000e+01 1.714205462466208019e+01
8.900000000000000000e+01 5.700000000000000000e+01 2.357927563868514298e+01
5.200000000000000000e+01 6.500000000000000000e+01 1.208106706880946746e+01
4.100000000000000000e+01 5.200000000000000000e+01 1.190682090916317648e+01
2.800000000000000000e+01 5.500000000000000000e+01 7.687951771060569151e+00
1.800000000000000000e+01 5.200000000000000000e+01 5.227384789388711539e+00
9.000000000000000000e+00 4.500000000000000000e+01 3.020266767202366864e+00
7.800000000000000000e+01 4.300000000000000000e+01 2.739311719090518693e+01
9.700000000000000000e+01 4.600000000000000000e+01 3.184411700202495510e+01
1.200000000000000000e+01 4.500000000000000000e+01 4.027022356269822190e+00
3.800000000000000000e+01 4.200000000000000000e+01 1.366311156591546982e+01
5.700000000000000000e+01 5.400000000000000000e+01 1.594029682690138117e+01
1.080000000000000000e+02 5.900000000000000000e+01 2.764311956422505290e+01
4.500000000000000000e+01 4.700000000000000000e+01 1.445872388554324672e+01
1.100000000000000000e+01 3.400000000000000000e+01 4.885725652827358267e+00
5.000000000000000000e+01 5.000000000000000000e+01 1.510133383601183432e+01
3.600000000000000000e+01 3.300000000000000000e+01 1.647418236655836310e+01
1.900000000000000000e+01 4.100000000000000000e+01 6.998179094737191797e+00
2.800000000000000000e+01 3.800000000000000000e+01 1.112729861600871928e+01
2.100000000000000000e+01 5.400000000000000000e+01 5.872740936226824360e+00
1.600000000000000000e+01 3.900000000000000000e+01 6.195419009645880770e+00
1.300000000000000000e+01 2.200000000000000000e+01 8.923515448552448603e+00
4.000000000000000000e+00 2.900000000000000000e+01 2.082942598070598006e+00
6.000000000000000000e+00 2.500000000000000000e+01 3.624320120642840148e+00
1.300000000000000000e+01 2.900000000000000000e+01 6.769563443729443186e+00
6.000000000000000000e+00 2.400000000000000000e+01 3.775333459002958580e+00
7.000000000000000000e+00 2.000000000000000000e+01 5.285466842604141569e+00
1.300000000000000000e+01 1.900000000000000000e+01 1.033249157200809698e+01
2.200000000000000000e+01 2.000000000000000000e+01 1.661146721961301864e+01
6.000000000000000000e+00 1.500000000000000000e+01 6.040533534404733729e+00
3.700000000000000000e+01 1.500000000000000000e+01 3.724995679549586214e+01
2.410000000000000000e+02 1.600000000000000000e+01 2.274638409049282473e+02
0.000000000000000000e+00 1.800000000000000000e+01 1.000000000000000000e+00
1.100000000000000000e+01 1.000000000000000000e+01 1.661146721961301864e+01
3.000000000000000000e+00 1.500000000000000000e+01 3.020266767202366864e+00
2.300000000000000000e+01 1.700000000000000000e+01 2.043121636636895389e+01
5.000000000000000000e+00 7.000000000000000000e+00 1.078666702572273906e+01
7.000000000000000000e+00 1.300000000000000000e+01 8.131487450160218344e+00
6.100000000000000000e+01 1.000000000000000000e+01 9.211813639967218137e+01
3.500000000000000000e+01 1.600000000000000000e+01 3.303416776627588547e+01
4.000000000000000000e+00 1.400000000000000000e+01 4.314666810289095267e+00
7.000000000000000000e+00 1.000000000000000000e+01 1.057093368520828314e+01
1.100000000000000000e+01 1.100000000000000000e+01 1.510133383601183432e+01
1.000000000000000000e+00 8.000000000000000000e+00 1.887666729501479290e+00
3.300000000000000000e+01 1.000000000000000000e+01 4.983440165883904882e+01
2.000000000000000000e+00 8.000000000000000000e+00 3.775333459002958580e+00
0.000000000000000000e+00 4.000000000000000000e+00 1.000000000000000000e+00
1.500000000000000000e+01 8.000000000000000000e+00 2.831500094252218958e+01
0.000000000000000000e+00 5.000000000000000000e+00 1.000000000000000000e+00
7.000000000000000000e+00 3.000000000000000000e+00 3.523644561736094971e+01
6.300000000000000000e+01 9.000000000000000000e+00 1.057093368520828420e+02
3.000000000000000000e+00 7.000000000000000000e+00 6.472000215433642900e+00
7.000000000000000000e+00 8.000000000000000000e+00 1.321366710651035525e+01
8.000000000000000000e+00 5.000000000000000000e+00 2.416213413761893491e+01
1.000000000000000000e+00 6.000000000000000000e+00 2.516888972668638758e+00
5.000000000000000000e+00 2.000000000000000000e+00 3.775333459002958847e+01
7.900000000000000000e+01 6.000000000000000000e+00 1.988342288408224761e+02
1.900000000000000000e+01 7.000000000000000000e+00 4.098933469774640770e+01
2.200000000000000000e+01 2.000000000000000000e+00 1.661146721961301864e+02
2.000000000000000000e+00 3.000000000000000000e+00 1.006755589067455503e+01
1.000000000000000000e+01 8.000000000000000000e+00 1.887666729501479423e+01
6.000000000000000000e+00 7.000000000000000000e+00 1.294400043086728580e+01
4.000000000000000000e+00 9.000000000000000000e+00 6.711703927116370316e+00
1.000000000000000000e+00 8.000000000000000000e+00 1.887666729501479290e+00
0.000000000000000000e+00 3.000000000000000000e+00 1.000000000000000000e+00
0.000000000000000000e+00 4.000000000000000000e+00 1.000000000000000000e+00
0.000000000000000000e+00 2.000000000000000000e+00 1.000000000000000000e+00
0.000000000000000000e+00 3.000000000000000000e+00 1.000000000000000000e+00
0.000000000000000000e+00 3.000000000000000000e+00 1.000000000000000000e+00
0.000000000000000000e+00 2.000000000000000000e+00 1.000000000000000000e+00
0.000000000000000000e+00 1.000000000000000000e+00 1.000000000000000000e+00
0.000000000000000000e+00 0.000000000000000000e+00 1.000000000000000000e+00
1.000000000000000000e+00 3.000000000000000000e+00 5.033777945337277515e+00
0.000000000000000000e+00 2.000000000000000000e+00 1.000000000000000000e+00
0.000000000000000000e+00 2.000000000000000000e+00 1.000000000000000000e+00
2.000000000000000000e+00 2.000000000000000000e+00 1.510133383601183432e+01
0.000000000000000000e+00 0.000000000000000000e+00 1.000000000000000000e+00
0.000000000000000000e+00 0.000000000000000000e+00 1.000000000000000000e+00
0.000000000000000000e+00 2.000000000000000000e+00 1.000000000000000000e+00
0.000000000000000000e+00 3.000000000000000000e+00 1.000000000000000000e+00
0.000000000000000000e+00 0.000000000000000000e+00 1.000000000000000000e+00
0.000000000000000000e+00 1.000000000000000000e+00 1.000000000000000000e+00
0.000000000000000000e+00 0.000000000000000000e+00 1.000000000000000000e+00
0.000000000000000000e+00 0.000000000000000000e+00 1.000000000000000000e+00
0.000000000000000000e+00 0.000000000000000000e+00 1.000000000000000000e+00
0.000000000000000000e+00 0.000000000000000000e+00 1.000000000000000000e+00
0.000000000000000000e+00 0.000000000000000000e+00 1.000000000000000000e+00
0.000000000000000000e+00 0.000000000000000000e+00 1.000000000000000000e+00
0.000000000000000000e+00 0.000000000000000000e+00 1.000000000000000000e+00
0.000000000000000000e+00 0.000000000000000000e+00 1.000000000000000000e+00
0.000000000000000000e+00 0.000000000000000000e+00 1.000000000000000000e+00
0.000000000000000000e+00 0.000000000000000000e+00 1.000000000000000000e+00
0.000000000000000000e+00 0.000000000000000000e+00 1.000000000000000000e+00
0.000000000000000000e+00 0.000000000000000000e+00 1.000000000000000000e+00
0.000000000000000000e+00 0.000000000000000000e+00 1.000000000000000000e+00
0.000000000000000000e+00 0.000000000000000000e+00 1.000000000000000000e+00
0.000000000000000000e+00 0.000000000000000000e+00 1.000000000000000000e+00
0.000000000000000000e+00 0.000000000000000000e+00 1.000000000000000000e+00
0.000000000000000000e+00 0.000000000000000000e+00 1.000000000000000000e+00
0.000000000000000000e+00 0.000000000000000000e+00 1.000000000000000000e+00
0.000000000000000000e+00 0.000000000000000000e+00 1.000000000000000000e+00
0.000000000000000000e+00 0.000000000000000000e+00 1.000000000000000000e+00
0.000000000000000000e+00 0.000000000000000000e+00 1.000000000000000000e+00
0.000000000000000000e+00 0.000000000000000000e+00 1.000000000000000000e+00
0.000000000000000000e+00 0.000000000000000000e+00 1.000000000000000000e+00
0.000000000000000000e+00 0.000000000000000000e+00 1.000000000000000000e+00
0.000000000000000000e+00 0.000000000000000000e+00 1.000000000000000000e+00
0.000000000000000000e+00 0.000000000000000000e+00 1.000000000000000000e+00
0.000000000000000000e+00 0.000000000000000000e+00 1.000000000000000000e+00
0.000000000000000000e+00 0.000000000000000000e+00 1.000000000000000000e+00
0.000000000000000000e+00 0.000000000000000000e+00 1.000000000000000000e+00
0.000000000000000000e+00 0.000000000000000000e+00 1.000000000000000000e+00
0.000000000000000000e+00 0.000000000000000000e+00 1.000000000000000000e+00
0.000000000000000000e+00 0.000000000000000000e+00 1.000000000000000000e+00
0.000000000000000000e+00 0.000000000000000000e+00 1.000000000000000000e+00
0.000000000000000000e+00 0.000000000000000000e+00 1.000000000000000000e+00
0.000000000000000000e+00 0.000000000000000000e+00 1.000000000000000000e+00
0.000000000000000000e+00 0.000000000000000000e+00 1.000000000000000000e+00
0.000000000000000000e+00 0.000000000000000000e+00 1.000000000000000000e+00
0.000000000000000000e+00 0.000000000000000000e+00 1.000000000000000000e+00
0.000000000000000000e+00 0.000000000000000000e+00 1.000000000000000000e+00
0.000000000000000000e+00 0.000000000000000000e+00 1.000000000000000000e+00
0.000000000000000000e+00 0.000000000000000000e+00 1.000000000000000000e+00
0.000000000000000000e+00 0.000000000000000000e+00 1.000000000000000000e+00
0.000000000000000000e+00 0.000000000000000000e+00 1.000000000000000000e+00
0.000000000000000000e+00 0.000000000000000000e+00 1.000000000000000000e+00
0.000000000000000000e+00 0.000000000000000000e+00 1.000000000000000000e+00
0.000000000000000000e+00 0.000000000000000000e+00 1.000000000000000000e+00
0.000000000000000000e+00 0.000000000000000000e+00 1.000000000000000000e+00
0.000000000000000000e+00 0.000000000000000000e+00 1.000000000000000000e+00
0.000000000000000000e+00 0.000000000000000000e+00 1.000000000000000000e+00
0.000000000000000000e+00 0.000000000000000000e+00 1.000000000000000000e+00
0.000000000000000000e+00 0.000000000000000000e+00 1.000000000000000000e+00
0.000000000000000000e+00 0.000000000000000000e+00 1.000000000000000000e+00
0.000000000000000000e+00 0.000000000000000000e+00 1.000000000000000000e+00
0.000000000000000000e+00 0.000000000000000000e+00 1.000000000000000000e+00
0.000000000000000000e+00 0.000000000000000000e+00 1.000000000000000000e+00
0.000000000000000000e+00 0.000000000000000000e+00 1.000000000000000000e+00
0.000000000000000000e+00 0.000000000000000000e+00 1.000000000000000000e+00
0.000000000000000000e+00 0.000000000000000000e+00 1.000000000000000000e+00
0.000000000000000000e+00 0.000000000000000000e+00 1.000000000000000000e+00
0.000000000000000000e+00 0.000000000000000000e+00 1.000000000000000000e+00
0.000000000000000000e+00 0.000000000000000000e+00 1.000000000000000000e+00
0.000000000000000000e+00 0.000000000000000000e+00 1.000000000000000000e+00
0.000000000000000000e+00 0.000000000000000000e+00 1.000000000000000000e+00
0.000000000000000000e+00 0.000000000000000000e+00 1.000000000000000000e+00
0.000000000000000000e+00 0.000000000000000000e+00 1.000000000000000000e+00
0.000000000000000000e+00 0.000000000000000000e+00 1.000000000000000000e+00
0.000000000000000000e+00 0.000000000000000000e+00 1.000000000000000000e+00
0.000000000000000000e+00 0.000000000000000000e+00 1.000000000000000000e+00
0.000000000000000000e+00 0.000000000000000000e+00 1.000000000000000000e+00
0.000000000000000000e+00 0.000000000000000000e+00 1.000000000000000000e+00
0.000000000000000000e+00 0.000000000000000000e+00 1.000000000000000000e+00
0.000000000000000000e+00 0.000000000000000000e+00 1.000000000000000000e+00
0.000000000000000000e+00 0.000000000000000000e+00 1.000000000000000000e+00
0.000000000000000000e+00 0.000000000000000000e+00 1.000000000000000000e+00
0.000000000000000000e+00 0.000000000000000000e+00 1.000000000000000000e+00
0.000000000000000000e+00 0.000000000000000000e+00 1.000000000000000000e+00
0.000000000000000000e+00 0.000000000000000000e+00 1.000000000000000000e+00
0.000000000000000000e+00 0.000000000000000000e+00 1.000000000000000000e+00
0.000000000000000000e+00 0.000000000000000000e+00 1.000000000000000000e+00
0.000000000000000000e+00 0.000000000000000000e+00 1.000000000000000000e+00
0.000000000000000000e+00 0.000000000000000000e+00 1.000000000000000000e+00
0.000000000000000000e+00 0.000000000000000000e+00 1.000000000000000000e+00
0.000000000000000000e+00 0.000000000000000000e+00 1.000000000000000000e+00
0.000000000000000000e+00 0.000000000000000000e+00 1.000000000000000000e+00
0.000000000000000000e+00 0.000000000000000000e+00 1.000000000000000000e+00
0.000000000000000000e+00 0.000000000000000000e+00 1.000000000000000000e+00
0.000000000000000000e+00 0.000000000000000000e+00 1.000000000000000000e+00
0.000000000000000000e+00 0.000000000000000000e+00 1.000000000000000000e+00
0.000000000000000000e+00 0.000000000000000000e+00 1.000000000000000000e+00
0.000000000000000000e+00 0.000000000000000000e+00 1.000000000000000000e+00
0.000000000000000000e+00 0.000000000000000000e+00 1.000000000000000000e+00
0.000000000000000000e+00 0.000000000000000000e+00 1.000000000000000000e+00
0.000000000000000000e+00 0.000000000000000000e+00 1.000000000000000000e+00
0.000000000000000000e+00 0.000000000000000000e+00 1.000000000000000000e+00
0.000000000000000000e+00 0.000000000000000000e+00 1.000000000000000000e+00
0.000000000000000000e+00 0.000000000000000000e+00 1.000000000000000000e+00
0.000000000000000000e+00 0.000000000000000000e+00 1.000000000000000000e+00
0.000000000000000000e+00 0.000000000000000000e+00 1.000000000000000000e+00
0.000000000000000000e+00 0.000000000000000000e+00 1.000000000000000000e+00
0.000000000000000000e+00 0.000000000000000000e+00 1.000000000000000000e+00
0.000000000000000000e+00 0.000000000000000000e+00 1.000000000000000000e+00
0.000000000000000000e+00 0.000000000000000000e+00 1.000000000000000000e+00
0.000000000000000000e+00 0.000000000000000000e+00 1.000000000000000000e+00
0.000000000000000000e+00 0.000000000000000000e+00 1.000000000000000000e+00
0.000000000000000000e+00 0.000000000000000000e+00 1.000000000000000000e+00
0.000000000000000000e+00 0.000000000000000000e+00 1.000000000000000000e+00
0.000000000000000000e+00 0.000000000000000000e+00 1.000000000000000000e+00
0.000000000000000000e+00 0.000000000000000000e+00 1.000000000000000000e+00
0.000000000000000000e+00 0.000000000000000000e+00 1.000000000000000000e+00
0.000000000000000000e+00 0.000000000000000000e+00 1.000000000000000000e+00
0.000000000000000000e+00 0.000000000000000000e+00 1.000000000000000000e+00
0.000000000000000000e+00 0.000000000000000000e+00 1.000000000000000000e+00
0.000000000000000000e+00 0.000000000000000000e+00 1.000000000000000000e+00
0.000000000000000000e+00 0.000000000000000000e+00 1.000000000000000000e+00
0.000000000000000000e+00 0.000000000000000000e+00 1.000000000000000000e+00
0.000000000000000000e+00 0.000000000000000000e+00 1.000000000000000000e+00
0.000000000000000000e+00 0.000000000000000000e+00 1.000000000000000000e+00
0.000000000000000000e+00 0.000000000000000000e+00 1.000000000000000000e+00
0.000000000000000000e+00 0.000000000000000000e+00 1.000000000000000000e+00
0.000000000000000000e+00 0.000000000000000000e+00 1.000000000000000000e+00
0.000000000000000000e+00 0.000000000000000000e+00 1.000000000000000000e+00
0.000000000000000000e+00 0.000000000000000000e+00 1.000000000000000000e+00
0.000000000000000000e+00 0.000000000000000000e+00 1.000000000000000000e+00
0.000000000000000000e+00 0.000000000000000000e+00 1.000000000000000000e+00
0.000000000000000000e+00 0.000000000000000000e+00 1.000000000000000000e+00
0.000000000000000000e+00 0.000000000000000000e+00 1.000000000000000000e+00
0.000000000000000000e+00 0.000000000000000000e+00 1.000000000000000000e+00
0.000000000000000000e+00 0.000000000000000000e+00 1.000000000000000000e+00
0.000000000000000000e+00 0.000000000000000000e+00 1.000000000000000000e+00
0.000000000000000000e+00 0.000000000000000000e+00 1.000000000000000000e+00
0.000000000000000000e+00 0.000000000000000000e+00 1.000000000000000000e+00
0.000000000000000000e+00 0.000000000000000000e+00 1.000000000000000000e+00
0.000000000000000000e+00 0.000000000000000000e+00 1.000000000000000000e+00
0.000000000000000000e+00 0.000000000000000000e+00 1.000000000000000000e+00
0.000000000000000000e+00 0.000000000000000000e+00 1.000000000000000000e+00
0.000000000000000000e+00 0.000000000000000000e+00 1.000000000000000000e+00
0.000000000000000000e+00 0.000000000000000000e+00 1.000000000000000000e+00
0.000000000000000000e+00 0.000000000000000000e+00 1.000000000000000000e+00
0.000000000000000000e+00 0.000000000000000000e+00 1.000000000000000000e+00
0.000000000000000000e+00 0.000000000000000000e+00 1.000000000000000000e+00
0.000000000000000000e+00 0.000000000000000000e+00 1.000000000000000000e+00
0.000000000000000000e+00 0.000000000000000000e+00 1.000000000000000000e+00
0.000000000000000000e+00 0.000000000000000000e+00 1.000000000000000000e+00
0.000000000000000000e+00 0.000000000000000000e+00 1.000000000000000000e+00
0.000000000000000000e+00 0.000000000000000000e+00 1.000000000000000000e+00
0.000000000000000000e+00 0.000000000000000000e+00 1.000000000000000000e+00
0.000000000000000000e+00 0.000000000000000000e+00 1.000000000000000000e+00
0.000000000000000000e+00 0.000000000000000000e+00 1.000000000000000000e+00
0.000000000000000000e+00 0.000000000000000000e+00 1.000000000000000000e+00
0.000000000000000000e+00 0.000000000000000000e+00 1.000000000000000000e+00
0.000000000000000000e+00 0.000000000000000000e+00 1.000000000000000000e+00
0.000000000000000000e+00 0.000000000000000000e+00 1.000000000000000000e+00
0.000000000000000000e+00 0.000000000000000000e+00 1.000000000000000000e+00
0.000000000000000000e+00 0.000000000000000000e+00 1.000000000000000000e+00
0.000000000000000000e+00 0.000000000000000000e+00 1.000000000000000000e+00
0.000000000000000000e+00 0.000000000000000000e+00 1.000000000000000000e+00
0.000000000000000000e+00 0.000000000000000000e+00 1.000000000000000000e+00
0.000000000000000000e+00 0.000000000000000000e+00 1.000000000000000000e+00
0.000000000000000000e+00 0.000000000000000000e+00 1.000000000000000000e+00
0.000000000000000000e+00 0.000000000000000000e+00 1.000000000000000000e+00
0.000000000000000000e+00 0.000000000000000000e+00 1.000000000000000000e+00
0.000000000000000000e+00 0.000000000000000000e+00 1.000000000000000000e+00
0.000000000000000000e+00 0.000000000000000000e+00 1.000000000000000000e+00
0.000000000000000000e+00 0.000000000000000000e+00 1.000000000000000000e+00
0.000000000000000000e+00 0.000000000000000000e+00 1.000000000000000000e+00
0.000000000000000000e+00 0.000000000000000000e+00 1.000000000000000000e+00
0.000000000000000000e+00 0.000000000000000000e+00 1.000000000000000000e+00
0.000000000000000000e+00 0.000000000000000000e+00 1.000000000000000000e+00
0.000000000000000000e+00 0.000000000000000000e+00 1.000000000000000000e+00
0.000000000000000000e+00 0.000000000000000000e+00 1.000000000000000000e+00
0.000000000000000000e+00 0.000000000000000000e+00 1.000000000000000000e+00
0.000000000000000000e+00 0.000000000000000000e+00 1.000000000000000000e+00
0.000000000000000000e+00 0.000000000000000000e+00 1.000000000000000000e+00
0.000000000000000000e+00 0.000000000000000000e+00 1.000000000000000000e+00
0.000000000000000000e+00 0.000000000000000000e+00 1.000000000000000000e+00
0.000000000000000000e+00 0.000000000000000000e+00 1.000000000000000000e+00
0.000000000000000000e+00 0.000000000000000000e+00 1.000000000000000000e+00
0.000000000000000000e+00 0.000000000000000000e+00 1.000000000000000000e+00
0.000000000000000000e+00 0.000000000000000000e+00 1.000000000000000000e+00
0.000000000000000000e+00 0.000000000000000000e+00 1.000000000000000000e+00
0.000000000000000000e+00 0.000000000000000000e+00 1.000000000000000000e+00
0.000000000000000000e+00 0.000000000000000000e+00 1.000000000000000000e+00
0.000000000000000000e+00 0.000000000000000000e+00 1.000000000000000000e+00
0.000000000000000000e+00 0.000000000000000000e+00 1.000000000000000000e+00
0.000000000000000000e+00 0.000000000000000000e+00 1.000000000000000000e+00
0.000000000000000000e+00 0.000000000000000000e+00 1.000000000000000000e+00
0.000000000000000000e+00 0.000000000000000000e+00 1.000000000000000000e+00
0.000000000000000000e+00 0.000000000000000000e+00 1.000000000000000000e+00
0.000000000000000000e+00 0.000000000000000000e+00 1.000000000000000000e+00
0.000000000000000000e+00 0.000000000000000000e+00 1.000000000000000000e+00
0.000000000000000000e+00 0.000000000000000000e+00 1.000000000000000000e+00
0.000000000000000000e+00 0.000000000000000000e+00 1.000000000000000000e+00
0.000000000000000000e+00 0.000000000000000000e+00 1.000000000000000000e+00
0.000000000000000000e+00 0.000000000000000000e+00 1.000000000000000000e+00
0.000000000000000000e+00 0.000000000000000000e+00 1.000000000000000000e+00
0.000000000000000000e+00 0.000000000000000000e+00 1.000000000000000000e+00
0.000000000000000000e+00 0.000000000000000000e+00 1.000000000000000000e+00
0.000000000000000000e+00 0.000000000000000000e+00 1.000000000000000000e+00
0.000000000000000000e+00 0.000000000000000000e+00 1.000000000000000000e+00
0.000000000000000000e+00 0.000000000000000000e+00 1.000000000000000000e+00
0.000000000000000000e+00 0.000000000000000000e+00 1.000000000000000000e+00
0.000000000000000000e+00 0.000000000000000000e+00 1.000000000000000000e+00
0.000000000000000000e+00 0.000000000000000000e+00 1.000000000000000000e+00
0.000000000000000000e+00 0.000000000000000000e+00 1.000000000000000000e+00
0.000000000000000000e+00 0.000000000000000000e+00 1.000000000000000000e+00
0.000000000000000000e+00 0.000000000000000000e+00 1.000000000000000000e+00
0.000000000000000000e+00 0.000000000000000000e+00 1.000000000000000000e+00
0.000000000000000000e+00 0.000000000000000000e+00 1.000000000000000000e+00
0.000000000000000000e+00 0.000000000000000000e+00 1.000000000000000000e+00
0.000000000000000000e+00 0.000000000000000000e+00 1.000000000000000000e+00
0.000000000000000000e+00 0.000000000000000000e+00 1.000000000000000000e+00
0.000000000000000000e+00 0.000000000000000000e+00 1.000000000000000000e+00
